date,tmed_c,tmax_c,tmin_c,rh_mean_pct,rh_max_pct,rh_min_pct,wind_mean_ms,wind_max_ms,rain_mm,rad_global_mj_m2_d,rad_net_mj_m2_d,ra_extraterrestre_mj_m2_d,et_camargo,et_garcia_lopez,et_hargreaves_samani,et_hargreaves_samani_corr,et_penman_monteith,et_priestley_taylor,et_thornthwaite,et_thornthwaite_camargo
2024-01-01,28.3,33.3,24.1,78.4,82.3958333333333,57,1.0,2.88749999999999,0.0,0.510083333333333,0.2346383333333332,16.7,4.726100000000001,37.6188862926873,5.3708020526630085,2.68808118086978,2.2465757952622036,0.1908965014285713,5.031280469129382,5.031280469129382
2024-01-02,28.7,32.3,26.1,79.7,82.0416666666666,66,1.5,3.8,0.0,0.597391666666666,0.27480016666666635,16.7,3.989537952686987,37.61785721301389,4.447265985096347,2.225852281212325,2.10236458731888,0.2247387449999997,5.031280469129382,5.031280469129382
2024-01-03,29.1,34.1,26.1,76.0,79.3958333333333,55,1.8,4.69583333333333,0.0,0.615335416666666,0.2830542916666664,16.7,3.8954842532741347,37.62078613208436,5.095210646904405,2.5501479515000938,2.8251923814179976,0.23269172496428542,5.031280469129382,5.031280469129382
2024-01-04,29.4,34.9,26.8,72.0,74.1875,49,1.6,5.1125,0.0,0.693670833333333,0.3190885833333332,16.7,3.9474053063814942,37.62395253107946,5.159751847701824,2.582450759451889,3.0471560593820195,0.2633313217499998,5.031280469129382,5.031280469129382
2024-01-05,26.1,28.7,23.7,84.2,86.0416666666666,74,1.6,4.22916666666666,3.8,0.3202375,0.14730925,16.7,3.456436119509414,37.61429501414441,3.770455587592169,1.8871093384062498,1.6794104137144765,0.11640541628571428,5.031280469129382,5.031280469129382
2024-01-06,27.0,31.0,24.9,79.9,82.25,64,2.3,5.33958333333333,0.2,0.561241666666666,0.25817116666666634,16.7,3.7776162175642107,37.61769889306414,4.249983448194404,2.1271125642090856,2.30745932374661,0.20647760207142826,5.031280469129382,5.031280469129382
2024-01-07,28.5,35.2,25.0,75.6,78.9375,49,1.6,4.30416666666666,0.0,0.744079166666666,0.34227641666666636,16.7,4.180876996762582,37.62110277198387,5.679699830609695,2.842684216984148,3.1459036197754404,0.2791955108571425,5.031280469129382,5.031280469129382
2024-01-08,29.3,34.1,26.2,70.3,73.625,51,1.8,4.90833333333333,0.0,0.7410416666666659,0.34087916666666634,16.7,4.510096714970075,37.62529825065238,5.0848571879194315,2.5449660553919298,2.9049790725804026,0.28095218571428543,5.031280469129382,5.031280469129382
2024-01-09,27.8,30.8,25.6,78.0,81.875,64,1.5,4.04583333333333,2.6,0.386558333333333,0.1778168333333332,16.7,4.530975565268553,37.619202932586816,3.994025392718879,1.9990058074771686,1.78214233701242,0.14372349278571417,5.031280469129382,5.031280469129382
2024-01-10,27.6,32.7,24.3,80.6,83.1666666666666,58,0.9,3.49166666666666,9.6,0.57055625,0.262455875,16.7,4.177012197471014,37.61714477323999,5.054053129855919,2.5295486544222006,2.3515541465292773,0.21157692894642852,5.031280469129382,5.031280469129382
2024-01-11,26.9,30.1,24.9,84.1,87.2916666666666,68,1.4,4.04583333333333,0.6,0.4707125,0.21652775,16.7,3.8812755094780704,37.61437417411929,3.9151959441783766,1.9595517454874884,1.7273198936639085,0.17294246228571428,5.031280469129382,5.031280469129382
2024-01-12,27.0,32.8,24.4,81.3,83.5,58,1.0,3.13541666666666,0.6,0.441974999999999,0.20330849999999956,16.7,3.5344960533618646,37.61659065341586,4.98725947615738,2.4961184959937124,2.1978741620191795,0.16260007692857104,5.031280469129382,5.031280469129382
2024-01-13,27.1,31.0,24.4,85.8,89.7083333333333,67,1.1,3.55625,9.0,0.48446249999999996,0.22285275,16.7,0.0,37.61302845454637,4.430600742451818,2.2175113435482428,1.9398210437443015,0.1784676799285714,5.031280469129382,5.031280469129382
2024-01-14,25.3,27.4,23.5,89.1,91.5625,77,1.3,4.10208333333333,72.4,0.28944583333333296,0.13314508333333316,16.7,0.0,37.61041617537541,3.269293272892461,1.6362780894613258,1.276175295948363,0.10408141371428557,5.031280469129382,5.031280469129382
2024-01-15,26.300000000000004,32.5,23.2,82.5,85.6666666666666,60,1.5,3.92083333333333,0.2,0.735358333333333,0.3382648333333332,16.7,0.0,37.61564073371732,5.165642789827546,2.5853991702312236,2.6583876058560665,0.2680192032857141,5.031280469129382,5.031280469129382
2024-01-16,27.950000000000003,32.9,24.9,76.1,80.5,54,2.1,5.09166666666666,0.4,0.8128624999999999,0.37391674999999996,16.7,0.0,37.62070697210949,4.970274778163678,2.48761767123943,2.803406257932249,0.30282031205357135,5.031280469129382,5.031280469129382
2024-01-17,29.600000000000005,33.5,26.4,70.2,73.5833333333333,54,1.8,5.05,0.6,0.7968166666666661,0.3665356666666664,16.7,0.0,37.62537741062726,4.851229529705599,2.4280356406759576,2.7388054425430504,0.3032661467142855,5.031280469129382,5.031280469129382
2024-01-18,29.2,34.5,26.0,76.8,78.1666666666666,52,1.5,4.27083333333333,0.8,0.819020833333333,0.3767495833333332,16.7,0.0,37.620152852285344,5.263221263603688,2.634237101036286,2.821487466888902,0.310116388392857,5.031280469129382,5.031280469129382
2024-01-19,29.1,33.6,25.6,73.1,76.9583333333333,53,1.7,4.26666666666666,9.4,0.72075,0.33154500000000003,16.7,0.0,37.62308177135581,5.095210646904405,2.5501479515000938,2.6590302444485183,0.2725547014285714,5.031280469129382,5.031280469129382
2024-01-20,29.1,33.8,26.1,72.5,75.1666666666666,55,1.9,5.50833333333333,0.4,0.6772,0.311512,16.7,0.0,37.62355673120508,4.99876260725749,2.5018758018724405,3.02293847827258,0.2560860822857143,5.031280469129382,5.031280469129382
2024-01-21,28.9,35.1,25.6,75.5,78.9166666666666,48,1.1,3.64166666666666,0.0,0.737625,0.3393075,16.7,0.0,37.621181931958745,5.528699562291796,2.767108730196216,2.7268645100578435,0.27821528999999995,5.031280469129382,5.031280469129382
2024-01-22,28.7,33.8,24.2,77.9,82.25,55,1.2,3.6125,8.0,0.636775,0.2929165,16.7,0.0,37.61928209256169,5.533920000195159,2.7697215542672446,2.663678259360119,0.23955475499999998,5.031280469129382,5.031280469129382
2024-01-23,28.2,31.6,26.1,76.3,78.9166666666666,64,1.5,5.22083333333333,0.0,0.576,0.26496,16.7,0.0,37.620548652159734,4.143653994700812,2.073894776603867,2.2074676494529175,0.2152841142857142,5.031280469129382,5.031280469129382
2024-01-24,28.7,34.3,25.3,73.4,77.0,51,1.1,3.80833333333333,0.0,0.689387499999999,0.31711824999999955,16.7,0.0,37.62284429143118,5.358194999999999,2.6817713633271905,2.713318408028551,0.25934757749999965,5.031280469129382,5.031280469129382
2024-01-25,28.5,35.2,26.2,77.5,79.375,51,1.4,4.09583333333333,0.2,0.7067749999999999,0.3251165,16.7,0.0,37.6195987324612,5.335149,2.6702368628397624,2.8723404276513436,0.26519813485714283,5.031280469129382,5.031280469129382
2024-01-26,26.5,30.6,25.0,85.2,88.0833333333333,65,1.4,3.76666666666666,15.0,0.330041666666666,0.15181916666666637,16.7,0.0,37.61350341439564,4.026632985588133,2.0153258758553814,1.744496975554534,0.12061419857142833,5.031280469129382,5.031280469129382
2024-01-27,26.9,30.0,24.7,83.5,86.1666666666666,67,1.7,4.10833333333333,1.8,0.378108333333333,0.17392983333333317,16.7,0.0,37.61484913396855,3.9526627877474825,1.9783038640942,1.7537528209422495,0.13891916228571413,5.031280469129382,5.031280469129382
2024-01-28,28.7,33.9,26.0,75.7,79.25,51,2.0,5.26666666666666,0.0,0.7823916666666659,0.35990016666666635,16.7,0.0,37.62102361200899,5.020081937117908,2.5125461056417127,2.895711328582361,0.2943357449999997,5.031280469129382,5.031280469129382
2024-01-29,28.6,34.2,25.0,78.0,81.4583333333333,56,1.7,4.35625,1.0,0.526324999999999,0.24210949999999956,16.7,0.0,37.619202932586816,5.405753042159734,2.7055741169708867,2.941815912961968,0.19774631764285677,5.031280469129382,5.031280469129382
2024-01-30,30.0,35.2,26.4,72.5,74.9166666666666,53,2.1,5.01666666666666,0.4,0.979983333333333,0.4507923333333332,16.7,0.0,37.62355673120508,5.446450235964266,2.725943022714849,3.296218235809777,0.3748940241428569,5.031280469129382,5.031280469129382
2024-01-31,29.5,33.7,26.2,72.9,75.3333333333333,54,2.1,5.7875,0.0,0.819358333333333,0.3769048333333332,16.7,0.0,37.62324009130556,4.975492542087418,2.4902291569862696,3.0194355840593583,0.3114451255714284,5.031280469129382,5.031280469129382
2024-02-01,26.6,30.8,26.2,88.0,88.8958333333333,66,1.2,3.54791666666666,2.2,0.0738458333333333,0.03396908333333332,16.7,0.0,37.611286935099066,3.6576840889822084,1.8306673135132243,1.4603063325329693,0.02702314424999999,5.108929480776853,5.031280469129382
2024-02-02,26.6,32.7,23.4,86.1,88.25,60,1.0,3.08854166666666,44.0,0.474357291666666,0.21820435416666636,16.7,0.0,37.61279097462174,5.2007832169692305,2.602986919688579,2.270714226541923,0.17358630731249974,5.108929480776853,5.031280469129382
2024-02-03,27.9,32.2,25.0,79.2,83.2708333333333,58,2.0,5.453125,23.4,0.725117708333333,0.3335541458333332,16.7,0.0,37.61825301288828,4.710063426504659,2.357382143922522,2.643593868100989,0.26995510751785695,5.108929480776853,5.031280469129382
2024-02-04,29.8,34.8,26.2,74.7,77.5833333333333,53,1.7,4.2875,2.8,0.8520124999999991,0.3919257499999996,16.7,0.0,37.62181521175777,5.361674999882181,2.683513099868772,2.9045393707909963,0.32510606110714246,5.108929480776853,5.031280469129382
2024-02-05,29.1,33.9,22.9,72.3,74.9166666666666,53,1.7,5.175,13.8,0.957633333333333,0.4405113333333332,16.7,0.0,37.62371505115483,5.974664079465138,2.9903135353993684,3.649056785098282,0.36213314914285694,5.108929480776853,5.031280469129382
2024-02-06,30.0,34.1,27.1,72.0,74.0833333333333,55,1.9,4.80416666666666,0.0,0.827941666666666,0.3808531666666664,16.7,0.0,37.62395253107946,4.857594115611966,2.4312211097048246,2.7155224269510967,0.3167302673571425,5.108929480776853,5.031280469129382
2024-02-07,29.4,33.5,25.7,71.3,74.5,55,1.7,4.64583333333333,0.0,0.7958500000000001,0.36609100000000006,16.7,0.0,37.624506650903605,5.063299383166199,2.534176395171759,2.798044134107499,0.30212057699999995,5.108929480776853,5.031280469129382
2024-02-08,29.6,34.5,25.6,74.8,77.375,53,1.4,3.82916666666666,0.0,0.7076625,0.32552475,16.7,0.0,37.62173605178289,5.431473339841446,2.7184471008356144,2.748258983298299,0.26933432560714277,5.108929480776853,5.031280469129382
2024-02-09,27.9,30.8,27.0,83.4,85.5,72,1.2,3.82916666666666,0.0,0.315695833333333,0.1452200833333332,16.7,0.0,37.61492829394342,3.421781748966787,1.7125984227775883,1.393854203699016,0.11753085278571414,5.108929480776853,5.031280469129382
2024-02-10,28.3,33.6,23.9,81.5,84.4583333333333,56,1.5,5.1625,17.4,0.848733333333333,0.3904173333333332,16.7,0.0,37.6164323334661,5.5148169239413285,2.760160483263114,3.225741033194246,0.31763481257142845,5.108929480776853,5.031280469129382
2024-02-11,28.4,32.8,24.4,80.2,85.1666666666666,59,1.8,4.91666666666666,35.2,0.61394375,0.282414125,16.7,0.0,37.61746141313951,5.143111334787299,2.5741221989935164,2.821669689194158,0.23006577262499994,5.108929480776853,5.031280469129382
2024-02-12,27.0,31.9,23.6,83.2,87.0,64,1.6,4.80416666666666,17.8,0.591495833333333,0.2720880833333332,16.7,0.0,37.61508661389318,4.957484526606128,2.481216162829081,2.7279421482645843,0.2176079371071427,5.108929480776853,5.031280469129382
2024-02-13,26.3,30.6,23.7,87.8,90.5416666666666,67,1.2,4.0,36.0,0.364554166666666,0.16769491666666636,16.7,0.0,37.61144525504882,4.449461384360012,2.2269510763992053,2.0785532817758305,0.13287061949999976,5.108929480776853,5.031280469129382
2024-02-14,27.5,32.1,23.3,81.4,84.1666666666666,62,1.8,4.8,43.0,0.617079166666666,0.28385641666666633,16.7,0.0,37.616511493440974,5.16159405207492,2.583372780941059,2.8642782085464806,0.2285273354999997,5.108929480776853,5.031280469129382
2024-02-15,27.9,33.9,25.6,82.2,85.0208333333333,56,1.3,3.9,0.0,0.562895833333333,0.25893208333333323,16.7,0.0,37.61587821364196,5.05707684968527,2.531062023243059,2.529710280220496,0.20956129392857126,5.108929480776853,5.031280469129382
2024-02-16,28.9,33.9,25.3,75.3,80.0,53,1.7,4.0,0.0,0.77085,0.35459100000000005,16.7,0.0,37.62134025190851,5.260298791901216,2.6327744068040264,2.6719845728320317,0.29074700057142855,5.108929480776853,5.031280469129382
2024-02-17,28.7,34.0,26.0,75.2,78.2916666666666,54,1.6,4.5125,0.0,0.560633333333333,0.2578913333333332,16.7,0.0,37.62141941188339,5.051754692559804,2.5283982888007324,2.7553386345048194,0.21091025999999988,5.108929480776853,5.031280469129382
2024-02-18,26.6,29.0,25.0,89.8,91.625,78,1.1,2.9875,20.0,0.19362916666666602,0.08906941666666637,16.7,0.0,37.60986205555127,3.4108080000000003,1.7071060721394593,1.1790687184243223,0.07085665724999975,5.108929480776853,5.031280469129382
2024-02-19,28.7,34.7,24.7,74.9,79.375,50,1.4,4.63958333333333,13.8,0.690252083333333,0.3175159583333332,16.7,0.0,37.621656891808016,5.648033449108637,2.8268352239762917,3.1924174035221604,0.2596728337499999,5.108929480776853,5.031280469129382
2024-02-20,30.2,36.2,25.1,58.9,63.5,36,1.9,4.80833333333333,0.2,1.00895833333333,0.4641208333333319,16.7,0.0,37.63432248778841,6.14252643141566,3.074328478573639,3.6921610698368235,0.3869643482142843,5.108929480776853,5.031280469129382
2024-02-21,30.7,34.9,26.7,56.3,58.7916666666666,40,2.1,5.25416666666666,0.0,1.0085625,0.46393875,16.7,0.0,37.636380647135226,5.334490818292314,2.6699074435380123,3.251576393293611,0.3892763089285714,5.108929480776853,5.031280469129382
2024-02-22,31.1,35.4,26.7,58.1,60.375,43,2.2,5.37083333333333,0.0,0.9439333333333331,0.4342093333333332,16.7,0.0,37.63495576758743,5.540038624613433,2.77278391981159,3.48832884403964,0.36617601257142846,5.108929480776853,5.031280469129382
2024-02-23,31.0,35.3,26.9,63.0,64.9166666666666,46,2.4,5.93333333333333,0.0,0.858579166666666,0.39494641666666636,16.7,0.0,37.63107692881844,5.43255050081429,2.718986218850294,3.5272055010628462,0.33264545924999966,5.108929480776853,5.031280469129382
2024-02-24,30.0,34.0,27.5,67.5,69.9791666666666,54,2.1,5.63541666666666,0.0,0.763791666666666,0.35134416666666635,16.7,0.0,37.62751472994895,4.680894814458663,2.3427832820869687,2.8122617903085407,0.2921895932142854,5.108929480776853,5.031280469129382
2024-02-25,27.7,32.0,25.6,81.0,82.625,63,2.0,5.55416666666666,9.8,0.59405,0.273263,16.7,0.0,37.61682813334049,4.421256291345254,2.2128344548975694,2.5066914391003428,0.22057925142857138,5.108929480776853,5.031280469129382
2024-02-26,25.3,28.0,23.8,89.8,91.7083333333333,72,1.4,4.55833333333333,24.2,0.27290833333333303,0.1255378333333332,16.7,0.0,37.60986205555127,3.39270596629478,1.6980460219530358,1.416210590792751,0.09813471771428559,5.108929480776853,5.031280469129382
2024-02-27,26.3,33.1,23.7,84.8,88.0416666666666,56,1.1,3.12916666666666,15.4,0.651470833333333,0.2996765833333332,16.7,0.0,37.61382005429514,5.193340804945637,2.5992619997409188,2.302209716191704,0.23744436664285695,5.108929480776853,5.031280469129382
2024-02-28,28.3,34.1,24.8,79.0,82.875,53,1.2,3.05,5.4,0.855308333333333,0.3934418333333332,16.7,0.0,37.618411332838036,5.399912304105438,2.7026508332802583,2.3784549799692702,0.320095478142857,5.108929480776853,5.031280469129382
2024-02-29,29.0,35.0,26.1,75.7,78.0833333333333,46,1.6,4.6125,0.0,0.891733333333333,0.4101973333333332,16.7,0.0,37.62102361200899,5.362720512754845,2.684036378040227,2.976059097346857,0.3367771062857141,5.108929480776853,5.031280469129382
2024-03-01,28.7,32.1,26.1,78.1,80.7083333333333,58,1.8,4.47916666666666,0.0,0.6316666666666659,0.29056666666666636,16.7,0.0,37.619123772611935,4.374947897444036,2.1896571489865373,2.1414908318013333,0.23763299999999973,4.920518557058624,5.031280469129382
2024-03-02,26.4,31.6,23.7,87.0,88.7083333333333,64,0.9,3.32916666666666,9.6,0.352275,0.1620465,16.7,0.0,37.61207853484784,4.771776809045412,2.3882696315992207,2.108070210832086,0.1285672905,4.920518557058624,5.031280469129382
2024-03-03,27.0,31.5,23.9,80.6,84.625,62,1.2,3.62083333333333,56.4,0.5337333333333331,0.24551733333333323,16.7,0.0,37.61714477323999,4.743830000607358,2.374282281275919,2.192492203573397,0.1963574434285713,4.920518557058624,5.031280469129382
2024-03-04,27.6,32.0,25.8,83.8,85.9583333333333,62,1.2,2.90833333333333,0.0,0.29977499999999996,0.13789649999999998,16.7,0.0,37.61461165404392,4.342061843513425,2.173197711119131,1.6913648680542934,0.11116427849999996,4.920518557058624,5.031280469129382
2024-03-05,28.9,34.3,25.1,75.1,78.6666666666666,50,1.8,4.32083333333333,18.6,1.03460833333333,0.4759198333333318,16.7,0.0,37.62149857185826,5.4407040316564546,2.7230670530719907,2.9371797321035955,0.39023061514285584,4.920518557058624,5.031280469129382
2024-03-06,30.7,35.1,26.5,68.8,71.25,51,1.8,4.82083333333333,0.0,0.986441666666666,0.4537631666666664,16.7,0.0,37.62648565027554,5.463051207863147,2.7342517929335175,3.2052326379342175,0.380738299285714,4.920518557058624,5.031280469129382
2024-03-07,30.1,34.6,26.8,72.3,73.7916666666666,52,1.8,4.82083333333333,0.0,0.7814875,0.35948425,16.7,0.0,37.62371505115483,5.138390687577561,2.5717595196764242,2.9224215787013317,0.299340972,4.920518557058624,5.031280469129382
2024-03-08,28.3,32.6,26.4,80.0,82.9791666666666,60,1.7,4.83958333333333,1.2,0.5988375,0.27546525,16.7,0.0,37.61761973308926,4.40900993361165,2.2067051648148013,2.310510485205977,0.22411236792857142,4.920518557058624,5.031280469129382
2024-03-09,28.0,31.6,24.6,80.5,83.5833333333333,62,1.9,4.84583333333333,8.8,0.5981208333333331,0.2751355833333332,16.7,0.0,37.61722393321487,4.654347499895984,2.3294963770811914,2.4422424079878495,0.2229674842499999,4.920518557058624,5.031280469129382
2024-03-10,28.6,33.3,24.6,78.6,80.9166666666666,53,1.7,4.07083333333333,1.8,0.640179166666666,0.29448241666666636,16.7,0.0,37.618727972737545,5.256805566095363,2.6310260507005676,2.6358518050437993,0.24052262924999976,4.920518557058624,5.031280469129382
2024-03-11,27.5,31.8,25.9,83.5,85.9166666666666,64,1.6,4.45416666666666,1.4,0.440729166666666,0.20273541666666636,16.7,0.0,37.61484913396855,4.226379732146781,2.1152989273846288,2.0831240031569322,0.1632183803571426,4.920518557058624,5.031280469129382
2024-03-12,28.8,34.7,24.3,76.4,80.5416666666666,55,1.5,4.14166666666666,28.8,0.829141666666666,0.38140516666666635,16.7,0.0,37.62046949218485,5.772273406890426,2.88901720148181,3.150244072577204,0.31232818992857114,4.920518557058624,5.031280469129382
2024-03-13,27.6,30.5,27.0,83.6,85.2083333333333,68,1.2,3.35416666666666,0.0,0.272320833333333,0.12526758333333318,16.7,0.0,37.614769973993674,3.262377267129907,1.6328166353330937,1.1802880574095926,0.10098356753571414,4.920518557058624,5.031280469129382
2024-03-14,28.8,33.4,24.0,79.8,84.2083333333333,59,1.5,4.18333333333333,42.4,0.8852749999999999,0.4072265,16.7,0.0,37.61777805303902,5.487747880055934,2.746612453240971,2.8782707955540356,0.33347297507142853,4.920518557058624,5.031280469129382
2024-03-15,28.7,32.5,26.9,81.6,83.4166666666666,65,1.3,3.80416666666666,0.2,0.502666666666666,0.2312266666666664,16.7,0.0,37.61635317349122,4.226601215120727,2.115409779396732,1.9422082697054437,0.18910319999999975,4.920518557058624,5.031280469129382
2024-03-16,26.8,29.2,24.4,87.1,90.0833333333333,74,1.5,4.1625,28.8,0.3424,0.157504,16.7,0.0,37.611999374872966,3.75318338058518,1.8784646156716718,1.6139798575673179,0.12563242971428568,4.920518557058624,5.031280469129382
2024-03-17,27.4,31.6,25.3,85.8,88.6666666666666,67,1.2,3.67083333333333,3.4,0.49420833333333297,0.22733583333333318,16.7,0.0,37.61302845454637,4.3576567355599725,2.1810029393545,1.9660570667028718,0.18278224607142837,4.920518557058624,5.031280469129382
2024-03-18,26.1,27.5,23.8,90.4,92.4583333333333,78,1.1,3.24166666666666,27.2,0.169470833333333,0.07795658333333318,16.7,0.0,37.609387095702004,3.2434685369406155,1.623352834344417,1.0865601113285197,0.06160216371428558,4.920518557058624,5.031280469129382
2024-03-19,26.9,31.6,24.1,85.0,87.7916666666666,64,0.9,3.26249999999999,7.2,0.5137875000000001,0.23634225000000003,16.7,0.0,37.61366173434539,4.701998237448361,2.3533455246783554,2.042007007344468,0.18876846342857143,4.920518557058624,5.031280469129382
2024-03-20,27.1,30.9,24.1,86.9,89.375,70,1.1,3.42083333333333,0.2,0.394208333333333,0.1813358333333332,16.7,0.0,37.61215769482272,4.497230056333654,2.2508592500590074,1.9579966144595948,0.14521959214285698,4.920518557058624,5.031280469129382
2024-03-21,26.5,29.9,23.6,88.1,90.9166666666666,71,1.1,3.12916666666666,32.8,0.345799999999999,0.15906799999999954,16.7,0.0,37.611207775124186,4.2708892341882025,2.1375758896770867,1.6971997703212842,0.12637310399999963,4.920518557058624,5.031280469129382
2024-03-22,27.9,34.1,25.2,83.3,86.1666666666666,61,1.5,3.9625,1.0,0.702691666666666,0.3232381666666664,16.7,0.0,37.6150074539183,5.236673663096079,2.6209500529153504,2.752140830010008,0.2616060844285712,4.920518557058624,5.031280469129382
2024-03-23,27.7,34.2,25.6,83.7,85.9583333333333,58,1.4,3.83333333333333,1.8,0.548262499999999,0.25220074999999953,16.7,0.0,37.61469081401879,5.125130514593262,2.5651228160510318,2.5993021358440522,0.20357769857142818,4.920518557058624,5.031280469129382
2024-03-24,25.3,28.1,25.8,92.5,93.125,82,1.2,3.90833333333333,3.0,0.0996416666666666,0.045835166666666635,16.7,0.0,37.60772473622958,2.510646078847893,1.256575909929366,0.8344061023298689,0.03583000457142855,4.920518557058624,5.031280469129382
2024-03-25,25.4,30.5,22.4,88.1,90.75,64,1.1,3.1125,94.8,0.476333333333333,0.2191133333333332,16.7,0.0,37.611207775124186,4.722484741964382,2.3635990001763054,1.970332347992861,0.17151674571428557,4.920518557058624,5.031280469129382
2024-03-26,28.2,32.8,24.0,79.2,83.1458333333333,59,1.5,3.46458333333333,11.2,0.7332229166666661,0.3372825416666664,16.7,0.0,37.61825301288828,5.2413537835639366,2.62329244863772,2.4453976384371723,0.274047302410714,4.920518557058624,5.031280469129382
2024-03-27,29.6,32.9,27.3,76.0,77.625,62,1.9,4.39583333333333,0.0,0.6885375,0.31672725,16.7,0.0,37.62078613208436,4.308406399929514,2.15635319448183,2.1661212104317196,0.26205540525,4.920518557058624,5.031280469129382
2024-03-28,25.2,30.7,23.5,87.8,89.4166666666666,71,1.6,5.06666666666666,39.2,0.3292,0.151432,16.7,0.0,37.61144525504882,4.431788344413573,2.2181057371699877,2.483072522169088,0.11821571999999998,4.920518557058624,5.031280469129382
2024-03-29,25.5,28.7,23.0,86.7,88.6666666666666,74,1.2,3.17916666666666,0.0,0.26426666666666604,0.12156266666666639,16.7,0.0,37.61231601477247,3.970723364581232,1.9873431651569495,1.5662623995386642,0.09528549942857119,4.920518557058624,5.031280469129382
2024-03-30,29.1,34.4,24.1,76.8,79.8333333333333,53,1.6,4.0625,0.0,0.790333333333333,0.3635533333333332,16.7,0.0,37.620152852285344,5.781436530225191,2.8936033357598285,3.044225550076178,0.298867937142857,4.920518557058624,5.031280469129382
2024-03-31,29.6,34.3,26.5,75.7,78.0,53,1.5,4.24166666666666,0.0,0.730795833333333,0.3361660833333332,16.7,0.0,37.62102361200899,5.084754041569443,2.5449144307445195,2.6574522236914135,0.2781388061785713,4.920518557058624,5.031280469129382
2024-04-01,28.6,32.9,24.6,80.2,83.4583333333333,61,1.0,3.3625,0.4,0.554133333333333,0.2549013333333332,16.7,0.0,37.61746141313951,5.134537545413491,2.5698310257872636,2.3327824182171915,0.20819422628571416,4.935767396296302,5.031280469129382
2024-04-02,27.9,31.2,24.8,83.9,86.1666666666666,69,1.3,3.69583333333333,5.2,0.442237499999999,0.20342924999999956,16.7,0.0,37.61453249406904,4.4406903849335855,2.2225611997542623,2.0105068213727826,0.16464123064285674,4.935767396296302,5.031280469129382
2024-04-03,29.2,34.2,25.8,76.4,79.2083333333333,49,1.7,4.425,0.0,0.9184958333333331,0.42250808333333323,16.7,0.0,37.62046949218485,5.232169539718681,2.6186957435648326,2.770847269990631,0.34778188660714265,4.935767396296302,5.031280469129382
2024-04-04,27.5,32.5,23.7,83.4,85.4166666666666,61,1.4,4.45833333333333,24.4,0.6145625,0.28269875,16.7,0.0,37.61492829394342,5.16159405207492,2.583372780941059,2.7620539583819963,0.22759532035714286,4.935767396296302,5.031280469129382
2024-04-05,26.1,29.7,25.7,88.7,90.5833333333333,75,1.3,3.475,0.6,0.227362499999999,0.10458674999999955,16.7,0.0,37.61073281527492,3.3723980000000005,1.6878819046604114,1.303555323819709,0.08264561914285679,4.935767396296302,5.031280469129382
2024-04-06,27.4,33.0,23.5,79.4,83.625,54,1.4,4.21249999999999,4.6,0.715333333333333,0.3290533333333332,16.7,0.0,37.61809469293853,5.351118205901267,2.678229434793768,2.781057220502469,0.26456501142857125,4.935767396296302,5.031280469129382
2024-04-07,28.1,32.3,26.2,82.5,85.6666666666666,62,1.0,3.14583333333333,0.2,0.603070833333333,0.2774125833333332,16.7,0.0,37.61564073371732,4.354335720359892,2.1793407744910054,1.7993902300724098,0.22510738842857128,4.935767396296302,5.031280469129382
2024-04-08,28.7,34.3,24.4,79.2,83.3333333333333,51,1.1,3.22916666666666,20.6,0.633270833333333,0.2913045833333332,16.7,0.0,37.61825301288828,5.619722326221065,2.812665534626888,2.5012743568767686,0.2382364874999999,4.935767396296302,5.031280469129382
2024-04-09,27.9,31.2,26.3,82.5,85.375,67,1.6,4.43333333333333,0.2,0.39628333333333304,0.18229033333333322,16.7,0.0,37.61564073371732,3.885604086816887,1.9447410497849793,1.806487894407411,0.14753288828571415,4.935767396296302,5.031280469129382
2024-04-10,28.1,33.5,25.6,82.1,84.6666666666666,57,1.4,3.90833333333333,3.4,0.556233333333333,0.2558673333333332,16.7,0.0,37.61595737361684,4.955306686316387,2.4801261558914973,2.4422902281503602,0.20762442171428558,4.935767396296302,5.031280469129382
2024-04-11,28.9,33.8,26.7,77.5,80.625,56,1.3,3.69999999999999,0.0,0.6094875,0.28036425,16.7,0.0,37.6195987324612,4.779586899520071,2.3921785742524717,2.281370811024643,0.22988475385714283,4.935767396296302,5.031280469129382
2024-04-12,27.3,31.8,24.4,86.4,88.9583333333333,59,1.1,3.70833333333333,42.8,0.41583749999999997,0.19128525,16.7,0.0,37.6125534946971,4.712340989809566,2.358522062131782,2.1072875556097745,0.15359373899999998,4.935767396296302,5.031280469129382
2024-04-13,26.7,29.6,24.0,85.1,86.8333333333333,72,2.0,4.55833333333333,49.2,0.34425,0.158355,16.7,0.0,37.61358257437051,4.044811915545642,2.024424412540959,1.9342300862139514,0.1261430357142857,4.935767396296302,5.031280469129382
2024-04-14,28.7,33.8,24.9,76.2,79.1666666666666,51,1.4,3.55833333333333,0.0,0.745066666666666,0.34273066666666635,16.7,0.0,37.62062781213461,5.328344099211545,2.6668310166425333,2.526895444308864,0.2802940799999997,4.935767396296302,5.031280469129382
2024-04-15,29.2,33.9,26.9,76.0,78.25,59,1.7,4.62083333333333,0.0,0.621879166666666,0.2860644166666664,16.7,0.0,37.62078613208436,4.776295469325574,2.390531216655372,2.6263462708930194,0.23547010446428543,4.935767396296302,5.031280469129382
2024-04-16,28.3,33.1,26.4,82.2,84.4166666666666,57,1.3,3.90833333333333,0.0,0.46242500000000003,0.21271550000000003,16.7,0.0,37.61587821364196,4.5833458968734515,2.2939601441265953,2.161789984087268,0.17306057442857142,4.935767396296302,5.031280469129382
2024-04-17,28.0,32.9,24.7,82.5,85.0416666666666,58,1.2,3.46666666666666,6.4,0.432195833333333,0.1988100833333332,16.7,0.0,37.61564073371732,5.037519164490473,2.521273420908061,2.2854360768635607,0.16111396274999984,4.935767396296302,5.031280469129382
2024-04-18,26.4,29.5,25.5,90.8,91.75,76,0.9,3.22916666666666,0.0,0.10971249999999899,0.05046774999999954,16.7,0.0,37.609070455802495,3.395444,1.69941640514784,1.236144980654954,0.040040987464285346,4.935767396296302,5.031280469129382
2024-04-19,27.4,32.3,23.8,81.9,85.5,60,1.0,2.8,16.8,0.500758333333333,0.23034883333333317,16.7,0.0,37.61611569356659,5.0616510875507785,2.5333514248263844,2.037578063755189,0.18520475421428553,4.935767396296302,5.031280469129382
2024-04-20,27.2,32.0,24.9,87.9,89.25,65,0.7,2.90833333333333,0.0,0.357716666666666,0.16454966666666637,16.7,0.0,37.61136609507394,4.6055976547837965,2.30509712722401,1.8495950790013003,0.1319514578571426,4.935767396296302,5.031280469129382
2024-04-21,25.7,28.7,25.2,93.3,94.8333333333333,78,0.9,2.59166666666666,15.6,0.205275,0.09442650000000001,16.7,0.0,37.60709145643055,3.125846059915219,1.5644828994931623,0.9518055645131842,0.07421571,4.935767396296302,5.031280469129382
2024-04-22,27.1,31.6,24.2,82.2,86.125,59,1.1,3.26666666666666,9.2,0.453658333333333,0.20868283333333318,16.7,0.0,37.61587821364196,4.691443690519946,2.348062984250932,1.9832603684637538,0.16711995299999988,4.935767396296302,5.031280469129382
2024-04-23,27.9,32.5,25.1,81.8,84.5416666666666,61,1.5,3.84166666666666,0.0,0.441,0.20286,16.7,0.0,37.616194853541465,4.775032887678428,2.389899295774333,2.2855659828931105,0.16418051999999997,4.935767396296302,5.031280469129382
2024-04-24,26.2,30.0,25.4,91.0,92.3333333333333,75,0.9,2.87916666666666,1.4,0.1801875,0.08288625000000001,16.7,0.0,37.60891213585274,3.6247319800724584,1.8141748151932853,1.3063546436398235,0.06558567589285713,4.935767396296302,5.031280469129382
2024-04-25,26.2,29.1,24.2,86.9,88.9166666666666,72,1.2,3.2125,13.2,0.334825,0.1540195,16.7,0.0,37.61215769482272,3.7410630157536775,1.8723983849133286,1.420911615206244,0.12187151678571426,4.935767396296302,5.031280469129382
2024-04-26,27.3,32.8,23.8,80.0,83.0,58,1.2,3.74166666666666,0.0,0.4952125,0.22779775000000002,16.7,0.0,37.61761973308926,5.196872999999999,2.601029859915189,2.5517565655793475,0.18291168899999996,4.935767396296302,5.031280469129382
2024-04-27,29.1,34.7,25.5,73.1,77.375,53,1.3,3.16666666666666,0.0,0.5188125,0.23865375000000003,16.7,0.0,37.62308177135581,5.4640046913209375,2.7347290104727278,2.500931180874942,0.1961911703571428,4.935767396296302,5.031280469129382
2024-04-28,29.6,34.1,25.0,71.3,74.4583333333333,45,1.5,3.5875,0.0,0.676608333333333,0.3112398333333332,16.7,0.0,37.624506650903605,5.492162076432159,2.748821754215247,2.5703497846653627,0.2575151984999999,4.935767396296302,5.031280469129382
2024-04-29,29.1,33.2,25.3,76.3,79.0416666666666,60,1.4,3.89166666666666,4.0,0.553779166666666,0.2547384166666664,16.7,0.0,37.620548652159734,5.063265437652258,2.534159405475191,2.529775529325584,0.20941396521428546,4.935767396296302,5.031280469129382
2024-04-30,28.1,32.8,25.0,80.8,84.2916666666666,60,1.3,3.925,0.0,0.5262458333333331,0.24207308333333322,16.7,0.0,37.616986453290245,4.923844103545095,2.4643791639488075,2.4138981744200185,0.19643103042857132,4.935767396296302,5.031280469129382
2024-05-01,28.7,33.3,25.5,78.5,82.5416666666666,59,1.4,3.80416666666666,1.0,0.474991666666666,0.21849616666666635,16.7,0.0,37.61880713271242,4.988208078754834,2.496593270667092,2.4190110711204755,0.17869186499999973,4.935767396296302,5.031280469129382
2024-05-02,29.4,33.2,27.0,74.2,76.7083333333333,55,1.8,4.55,0.0,0.5822375,0.26782925,16.7,0.0,37.62221101163216,4.514214075194575,2.259359734907996,2.3071718093385347,0.22102899974999995,5.344373333333334,5.031280469129382
2024-05-03,29.2,33.4,25.5,76.6,79.1666666666666,58,1.3,3.7125,0.0,0.574666666666666,0.26434666666666634,16.7,0.0,37.6203111722351,5.074061312785843,2.5395627304335595,2.4548750272221254,0.2175934285714283,5.2974266666666665,5.031280469129382
2024-05-04,28.8,32.8,25.8,78.6,80.7916666666666,62,1.5,4.07916666666666,0.0,0.484125,0.22269750000000002,16.7,0.0,37.618727972737545,4.735646146182376,2.370186270130644,2.3651502840100305,0.18236435464285713,5.200093333333334,5.031280469129382
2024-05-05,28.6,31.2,26.2,82.3,84.9583333333333,67,1.0,2.92916666666666,0.0,0.293441666666666,0.13498316666666635,16.7,0.0,37.61579905366708,3.985174015131586,1.9945757016412298,1.4694630634521655,0.11024938778571403,5.149706666666669,5.031280469129382
2024-05-06,27.2,31.2,23.7,88.0,91.0,69,1.0,3.44166666666666,42.0,0.32079166666666603,0.14756416666666639,16.7,0.0,37.611286935099066,4.7335552725990215,2.3691397899446534,2.079501850153299,0.1183308803571426,4.764893333333333,5.031280469129382
2024-05-07,26.4,30.3,24.8,90.8,92.6666666666666,75,0.9,2.99166666666666,10.2,0.21990833333333298,0.10115783333333318,16.7,0.0,37.609070455802495,3.981511012299476,1.9927423723019766,1.5371374135269982,0.08025837364285701,4.519773333333332,5.031280469129382
2024-05-08,28.4,33.3,24.5,79.6,82.6666666666666,55,1.7,4.25833333333333,55.4,0.5629875,0.25897425,16.7,0.0,37.61793637298877,5.264142278275084,2.6346980679796235,2.715523865130939,0.21097071867857134,5.0981733333333334,5.031280469129382
2024-05-09,30.2,34.1,26.8,72.1,75.0833333333333,49,1.8,4.39583333333333,0.0,0.659154166666666,0.3032109166666664,16.7,0.0,37.62387337110459,4.9813490521664905,2.493160334559892,2.55558802806397,0.2528044558928568,5.520693333333335,5.031280469129382
2024-05-10,28.1,31.6,25.3,81.5,83.4583333333333,65,0.9,3.15833333333333,5.4,0.303558333333333,0.13963683333333318,16.7,0.0,37.6164323334661,4.425142569960238,2.214779533548043,1.8244882017932145,0.11330878542857128,5.018723333333332,5.031280469129382
2024-05-11,27.6,33.7,23.3,86.3,89.875,61,0.6,2.43333333333333,20.0,0.419808333333333,0.1931118333333332,16.7,0.0,37.61263265467198,5.623631173236596,2.8146219087397895,2.1198073886933932,0.1556757250714284,4.8805733333333325,5.031280469129382
2024-05-12,27.2,29.6,25.6,88.5,90.7083333333333,76,0.7,2.52916666666666,10.0,0.24367499999999898,0.11209049999999954,16.7,0.0,37.610891135224676,3.4568999999999996,1.7301750731143166,1.0922987471564503,0.08988474535714247,4.764893333333333,5.031280469129382
2024-05-13,27.4,30.5,25.4,85.7,87.6666666666666,69,1.2,3.55416666666666,0.4,0.338104166666666,0.15552791666666635,16.7,0.0,37.61310761452125,3.9207380732793666,1.9623255756886846,1.6145787823546291,0.125047343035714,4.823306666666667,5.031280469129382
2024-05-14,28.3,32.7,24.9,80.4,83.25,59,1.5,3.97083333333333,0.2,0.47225,0.217235,16.7,0.0,37.61730309318975,4.945298761948342,2.475117199521569,2.416444047394162,0.17673753857142854,5.071976666666668,5.031280469129382
2024-05-15,28.9,33.6,25.5,76.9,79.8333333333333,58,1.3,3.91666666666666,0.0,0.513025,0.2359915,16.7,0.0,37.62007369231046,5.105093459484645,2.5550942895424416,2.570038083484722,0.19350130371428567,5.224856666666667,5.031280469129382
2024-05-16,28.3,32.4,25.9,82.3,85.3333333333333,63,1.0,3.55833333333333,2.6,0.33628333333333305,0.1546903333333332,16.7,0.0,37.61579905366708,4.514419475869128,2.2594625377449633,2.0105721637718075,0.12585259628571416,5.071976666666668,5.031280469129382
2024-05-17,25.9,28.2,24.4,92.9,94.1666666666666,81,1.0,3.43333333333333,11.4,0.125504166666666,0.05773191666666636,16.7,0.0,37.60740809633007,3.272032000653142,1.6376488200302102,1.1826654995462669,0.04549777049999975,4.357256666666666,5.031280469129382
2024-05-18,26.0,29.1,24.9,90.1,92.2083333333333,73,0.9,2.8,36.6,0.185841666666666,0.08548716666666636,16.7,0.0,37.60962457562664,3.447807919343652,1.7256244956274476,1.1486616298476968,0.06746211792857118,4.3903333333333325,5.031280469129382
2024-05-19,26.2,31.1,23.0,89.2,91.0,69,0.8,2.9,54.8,0.26989583333333295,0.12415208333333316,16.7,0.0,37.61033701540053,4.8099381631118705,2.407369352031422,1.958891685565402,0.09823822767857127,4.4556266666666655,5.031280469129382
2024-05-20,25.7,28.9,23.3,90.0,91.75,77,0.8,2.61666666666666,17.6,0.27973750000000003,0.12867925000000002,16.7,0.0,37.609703735601514,3.953917265758098,1.9789317291130712,1.3911967120441926,0.10113709500000001,4.290243333333333,5.031280469129382
2024-05-21,27.9,32.7,23.5,81.6,84.4166666666666,57,1.4,3.48333333333333,0.6,0.554391666666666,0.2550201666666663,16.7,0.0,37.61635317349122,5.324200733334048,2.6647572660683085,2.4450486508129847,0.20639526557142826,4.964323333333332,5.031280469129382
2024-05-22,29.4,33.4,25.9,76.3,79.25,58,1.5,3.77916666666666,0.0,0.591475,0.2720785,16.7,0.0,37.620548652159734,4.964973530370529,2.484964401897503,2.400372406687906,0.22453573949999991,5.344373333333334,5.031280469129382
2024-05-23,29.3,32.9,26.7,77.0,79.2916666666666,60,1.9,5.01666666666666,0.0,0.5567291666666659,0.25609541666666635,16.7,0.0,37.61999453233559,4.504650062323399,2.254572955808614,2.4214643190903935,0.21107352428571396,5.321043333333336,5.031280469129382
2024-05-24,28.4,32.4,24.8,79.7,82.5416666666666,59,1.2,3.32499999999999,2.2,0.424154166666666,0.19511091666666636,16.7,0.0,37.61785721301389,4.892074688126336,2.4484786025657908,2.134008138320936,0.15894510867857112,5.0981733333333334,5.031280469129382
2024-05-25,26.4,31.9,25.7,89.1,90.7083333333333,68,0.5,2.1125,0.0,0.23222916666666601,0.10682541666666637,16.7,0.0,37.61041617537541,4.227293689059326,2.115756361926555,1.3797742720315136,0.08475502017857119,4.519773333333332,5.031280469129382
2024-05-26,28.0,33.4,23.8,81.8,85.3333333333333,54,1.1,3.35,3.2,0.483195833333333,0.22227008333333317,16.7,0.0,37.616194853541465,5.4506136776115754,2.728026821192254,2.4409285206808335,0.18012574274999985,4.991666666666666,5.031280469129382
2024-05-27,26.1,28.7,25.7,90.4,92.5,83,0.9,3.23333333333333,6.6,0.133125,0.0612375,16.7,0.0,37.609387095702004,2.9205823396718333,1.46174860802398,0.984638285710258,0.048390557142857143,4.423123333333335,5.031280469129382
2024-05-28,25.1,26.8,23.5,88.3,89.9583333333333,79,1.5,4.82083333333333,65.4,0.175391666666666,0.08068016666666636,16.7,0.0,37.61104945517443,2.9933573695967715,1.4981724394108515,1.1858099851025043,0.0628974561428569,4.082323333333333,5.031280469129382
2024-05-29,25.2,26.5,24.5,86.5,88.2083333333333,80,1.3,4.00416666666666,5.4,0.17048750000000001,0.07842425000000001,16.7,0.0,37.61247433472222,2.3357575460222746,1.169044370090661,0.7093719218776089,0.06122206125,4.117693333333333,5.031280469129382
2024-05-30,25.0,28.2,23.2,87.5,89.25,73,1.1,3.52083333333333,2.6,0.25645,0.11796700000000002,16.7,0.0,37.61168273497345,3.675979479474824,1.839824138582858,1.4640332481132765,0.0918406067142857,4.046666666666666,5.031280469129382
2024-05-31,26.6,31.4,22.8,87.0,89.125,66,1.0,3.37083333333333,23.4,0.349695833333333,0.16086008333333318,16.7,0.0,37.61207853484784,5.001226260394304,2.5031088578607874,2.240730240134425,0.12796769324999985,4.582773333333334,5.031280469129382
2024-06-01,25.3,29.4,24.1,93.5,95.2083333333333,80,0.6,2.38749999999999,10.6,0.187170833333333,0.08609858333333319,16.7,0.0,37.606933136480805,3.8111804508258715,1.9074920926724832,1.2784202392992463,0.06730449257142844,4.152776666666667,5.031280469129382
2024-06-02,27.8,32.4,23.9,81.5,84.9583333333333,59,1.0,2.84166666666666,24.8,0.4907375,0.22573925,16.7,0.0,37.6164323334661,5.1064444600069825,2.555770463984141,2.0567028961338214,0.18245760460714283,4.936693333333333,5.031280469129382
2024-06-03,26.6,30.2,24.7,87.7,89.8333333333333,72,1.0,3.47083333333333,8.6,0.30617500000000003,0.1408405,16.7,0.0,37.611524415023695,3.9995268992329582,2.001759306113298,1.6700281234973111,0.11204167949999999,4.582773333333334,5.031280469129382
2024-06-04,27.9,33.0,24.2,81.9,85.0,56,1.1,2.99583333333333,0.0,0.464625,0.21372750000000001,16.7,0.0,37.61611569356659,5.207171041497216,2.606184019624866,2.1701062496214587,0.17297590499999996,4.964323333333332,5.031280469129382
2024-06-05,28.4,33.1,26.3,79.5,81.7916666666666,62,1.4,3.82499999999999,0.0,0.388933333333333,0.1789093333333332,16.7,0.0,37.618015532963646,4.627439389813247,2.3160288942700697,2.2451816655953474,0.1457466548571427,5.0981733333333334,5.031280469129382
2024-06-06,28.3,32.7,25.1,80.8,84.5833333333333,61,1.1,3.55416666666666,8.0,0.42570833333333297,0.19582583333333317,16.7,0.0,37.616986453290245,4.881485781874981,2.4431788653308004,2.2396446532650542,0.1593195192857141,5.071976666666668,5.031280469129382
2024-06-07,28.9,32.7,25.3,78.6,83.125,56,1.1,3.21666666666666,0.0,0.5192749999999999,0.23886649999999998,16.7,0.0,37.618727972737545,4.879519384126535,2.442194685178586,2.047242934091454,0.19585866085714282,5.224856666666667,5.031280469129382
2024-06-08,28.8,32.5,25.4,77.0,79.0833333333333,57,1.3,3.3125,1.2,0.4291875,0.19742625,16.7,0.0,37.61999453233559,4.769352238064998,2.387056136191975,2.0636368078304534,0.16167002625,5.200093333333334,5.031280469129382
2024-06-09,28.0,32.9,25.2,80.6,83.0,58,1.4,4.075,0.4,0.465795833333333,0.2142660833333332,16.7,0.0,37.61714477323999,4.8815208403495305,2.443196412063065,2.4364750838910094,0.17363937074999986,4.991666666666666,5.031280469129382
2024-06-10,27.6,32.1,24.1,80.8,83.875,60,1.4,3.97083333333333,21.2,0.447879166666666,0.20602441666666638,16.7,0.0,37.616986453290245,4.932250818112153,2.468586716377489,2.4076731433937053,0.16608511189285688,4.8805733333333325,5.031280469129382
2024-06-11,28.2,32.5,25.5,78.5,81.25,59,1.4,3.89583333333333,0.0,0.36325,0.16709500000000002,16.7,0.0,37.61880713271242,4.674672161467583,2.339668850343555,2.2306914880944713,0.1357672821428571,5.045493333333334,5.031280469129382
2024-06-12,28.6,32.6,24.5,75.3,78.5833333333333,57,1.8,5.02499999999999,6.0,0.354820833333333,0.16321758333333317,16.7,0.0,37.62134025190851,5.072298426554337,2.5386804075967726,2.817311876694672,0.1333102421785713,5.149706666666669,5.031280469129382
2024-06-13,28.1,32.5,23.6,78.3,81.0416666666666,59,1.4,4.29166666666666,29.0,0.369045833333333,0.1697610833333332,16.7,0.0,37.61896545266218,5.259591272124945,2.632420293847146,2.7390323186797527,0.13775321099999985,5.018723333333332,5.031280469129382
2024-06-14,28.9,33.0,24.5,74.0,77.0,56,1.5,4.05416666666666,0.0,0.448858333333333,0.2064748333333332,16.7,0.0,37.622369331581915,5.229626234261537,2.6174228216679696,2.6494776871753967,0.16929910371428558,5.224856666666667,5.031280469129382
2024-06-15,29.7,33.2,26.7,70.1,72.1666666666666,55,1.8,4.50833333333333,0.0,0.452287499999999,0.20805224999999955,16.7,0.0,37.62545657060213,4.651516813531099,2.3280796213207333,2.4218022770573793,0.1723603049999996,5.412643333333335,5.031280469129382
2024-06-16,29.5,33.4,25.7,69.5,72.5416666666666,53,1.8,4.47916666666666,0.0,0.499125,0.2295975,16.7,0.0,37.6259315304514,5.041395977042201,2.523213761803122,2.6885025146905606,0.18972169071428568,5.367416666666668,5.031280469129382
2024-06-17,30.0,33.5,25.8,67.5,70.75,47,1.5,3.625,0.0,0.463912499999999,0.21339974999999956,16.7,0.0,37.62751472994895,5.094687689273091,2.549886211716474,2.3477126287488566,0.17747038960714243,5.478333333333334,5.031280469129382
2024-06-18,27.9,32.8,25.7,78.2,81.5833333333333,58,1.1,3.58333333333333,0.2,0.33795,0.15545699999999998,16.7,0.0,37.61904461263706,4.67724028496932,2.340954193647494,2.15407757304861,0.12581588828571427,4.964323333333332,5.031280469129382
2024-06-19,28.9,32.9,23.9,73.6,76.875,52,2.0,4.81666666666666,15.8,0.4588875,0.21108825,16.7,0.0,37.62268597148142,5.381241,2.69330586381462,2.9322996707538476,0.1730818761428571,5.224856666666667,5.031280469129382
2024-06-20,29.7,33.0,25.8,69.6,72.0416666666666,51,2.1,4.7625,0.0,0.437154166666666,0.20109091666666637,16.7,0.0,37.625852370476515,4.895580147898714,2.4502330817575446,2.5908240456874196,0.16659320785714257,5.412643333333335,5.031280469129382
2024-06-21,29.4,33.1,25.4,71.8,74.7083333333333,53,1.1,2.85,0.0,0.389016666666666,0.17894766666666637,16.7,0.0,37.624110851029215,5.030737634596025,2.5178792718204526,2.0244815361930835,0.1476785069999997,5.344373333333334,5.031280469129382
2024-06-22,29.7,33.9,25.4,69.4,73.2916666666666,40,1.3,3.19583333333333,0.0,0.46276666666666605,0.2128726666666664,16.7,0.0,37.62601069042628,5.31921297917394,2.662260899983481,2.221302356173302,0.1763537657142855,5.412643333333335,5.031280469129382
2024-06-23,28.5,32.8,25.8,73.5,75.1666666666666,53,0.9,2.9875,0.0,0.334141666666666,0.15370516666666637,16.7,0.0,37.6227651314563,4.705159153824978,2.354927560237099,1.9343600175847688,0.1253775908571426,5.124083333333334,5.031280469129382
2024-06-24,27.1,32.4,23.9,79.8,82.4166666666666,62,1.0,3.22916666666666,0.0,0.420099999999999,0.19324599999999953,16.7,0.0,37.61777805303902,5.02805605820863,2.516537145458069,2.284354153994741,0.1547576382857139,4.735256666666667,5.031280469129382
2024-06-25,28.6,34.0,24.8,77.8,81.6666666666666,48,1.1,2.82083333333333,0.0,0.413791666666666,0.19034416666666637,16.7,0.0,37.619361252536564,5.405753042159733,2.7055741169708862,2.1471281497139207,0.15546625821428545,5.149706666666669,5.031280469129382
2024-06-26,29.6,33.8,25.7,67.0,70.25,45,1.5,4.14166666666666,0.0,0.45575416666666596,0.20964691666666635,16.7,0.0,37.62791052982333,5.181615202988698,2.5933933474156685,2.6118702760087604,0.17345873367857115,5.390173333333335,5.031280469129382
2024-06-27,29.1,34.5,25.5,71.9,74.1666666666666,49,1.1,3.19583333333333,0.0,0.486179166666666,0.22364241666666637,16.7,0.0,37.62403169105434,5.404287,2.7048403643020484,2.453994882012093,0.18385073549999972,5.273523333333334,5.031280469129382
2024-06-28,28.7,33.7,24.9,74.9,77.7916666666666,50,1.2,3.34166666666666,0.0,0.316170833333333,0.1454385833333332,16.7,0.0,37.621656891808016,5.298325020341807,2.6518064969924784,2.371838578753545,0.11894346749999987,5.175043333333334,5.031280469129382
2024-06-29,29.1,33.5,24.9,72.1,75.2916666666666,50,1.4,3.72083333333333,0.0,0.47296249999999995,0.21756275,16.7,0.0,37.62387337110459,5.28282683811921,2.644049671929526,2.5278716194934265,0.17885279635714282,5.273523333333334,5.031280469129382
2024-06-30,30.0,34.8,25.5,68.3,71.5833333333333,47,1.1,3.175,0.0,0.382370833333333,0.17589058333333318,16.7,0.0,37.62688145014993,5.599041391241645,2.8023147468719367,2.5089755123843807,0.14627650853571414,5.478333333333334,5.031280469129382
2024-07-01,29.7,33.5,25.9,70.7,73.9583333333333,48,1.4,3.7375,0.0,0.523020833333333,0.24058958333333322,16.7,0.0,37.62498161075287,5.029730469393962,2.517375186620673,2.345371608462759,0.19931576785714272,5.412643333333335,5.031280469129382
2024-07-02,29.6,33.3,27.3,70.0,72.0416666666666,55,1.9,4.67083333333333,0.0,0.48420833333333296,0.22273583333333316,16.7,0.0,37.62553573057701,4.459624308362307,2.2320376099346637,2.3440039780694146,0.18428830821428557,5.390173333333335,5.031280469129382
2024-07-03,28.3,32.7,25.2,74.5,77.5,57,1.5,4.5,0.2,0.386920833333333,0.1779835833333332,16.7,0.0,37.62197353170752,4.849264401484777,2.427052095921079,2.5624801312796306,0.144803463642857,5.071976666666668,5.031280469129382
2024-07-04,29.5,33.9,25.2,71.5,74.5833333333333,49,1.5,4.0625,0.0,0.487662499999999,0.22432474999999955,16.7,0.0,37.62434833095385,5.358769467161867,2.682058883580535,2.706601684565377,0.18536469621428533,5.367416666666668,5.031280469129382
2024-07-05,29.7,34.4,25.8,68.0,70.875,47,1.6,4.12083333333333,0.0,0.484495833333333,0.2228680833333332,16.7,0.0,37.62711893007456,5.350410976773186,2.6778754673060225,2.7805527293885586,0.18463444071428556,5.412643333333335,5.031280469129382
2024-07-06,30.2,34.5,25.1,65.8,68.9583333333333,40,1.5,3.74583333333333,0.0,0.461041666666666,0.21207916666666637,16.7,0.0,37.628860449521866,5.6526158421177,2.829128707201,2.7028902405094475,0.176822651785714,5.520693333333335,5.031280469129382
2024-07-07,30.3,33.9,27.1,61.4,63.375,45,1.9,4.99583333333333,0.0,0.46041666666666603,0.21179166666666638,16.7,0.0,37.632343488416474,4.81774533874496,2.4112768358093146,2.6761911638450284,0.1768078928571426,5.541443333333334,5.031280469129382
2024-07-08,30.6,34.4,26.0,60.0,62.5833333333333,40,1.7,4.2625,0.0,0.49451249999999997,0.22747575,16.7,0.0,37.633451728064756,5.3880213983486,2.696699446564636,2.813333577760443,0.1906260913928571,5.601973333333334,5.031280469129382
2024-07-09,30.5,35.1,25.8,60.7,63.4166666666666,40,1.3,3.48333333333333,0.0,0.41795,0.192257,16.7,0.0,37.63289760824062,5.6576087698111195,2.831627662634196,2.701771054361382,0.1609083617142857,5.582083333333334,5.031280469129382
2024-07-10,27.1,29.9,22.6,79.3,81.875,65,1.0,3.54583333333333,22.0,0.276504166666666,0.12719191666666638,16.7,0.0,37.61817385291341,4.659636925880737,2.332143729619565,2.03706701432688,0.10185939492857116,4.735256666666667,5.031280469129382
2024-07-11,27.5,32.0,22.8,80.4,82.7916666666666,61,1.2,3.21666666666666,2.0,0.405004166666666,0.18630191666666637,16.7,0.0,37.61730309318975,5.277599414005083,2.6414333512668344,2.3364343415910396,0.14998808592857119,4.852083333333334,5.031280469129382
2024-07-12,29.3,33.5,25.5,71.1,74.2916666666666,49,1.5,4.25416666666666,0.0,0.4908,0.22576800000000002,16.7,0.0,37.62466497085336,5.116938624076705,2.5610227828497742,2.605240441141855,0.18607770514285715,5.321043333333336,5.031280469129382
2024-07-13,26.8,30.5,22.4,81.0,83.0416666666666,63,1.5,4.7375,17.6,0.3021125,0.13897175,16.7,0.0,37.61682813334049,4.875528228972487,2.44019711592276,2.5547732672239087,0.11085025532142856,4.6446266666666665,5.031280469129382
2024-07-14,26.9,30.6,24.8,78.4,80.7916666666666,60,1.4,4.45416666666666,0.0,0.31122500000000003,0.14316350000000003,16.7,0.0,37.6188862926873,4.134907771076424,2.069517300223642,1.9713789984086632,0.11434584342857142,4.675123333333333,5.031280469129382
2024-07-15,28.0,32.7,23.8,75.3,78.2916666666666,55,1.1,3.4875,0.8,0.524141666666666,0.24110516666666634,16.7,0.0,37.62134025190851,5.248132467610511,2.6266851733812477,2.4527813474822855,0.19538953049999971,4.991666666666666,5.031280469129382
2024-07-16,28.3,32.4,23.2,71.7,75.0416666666666,48,1.2,4.1625,16.6,0.446829166666666,0.20554141666666637,16.7,0.0,37.62419001100409,5.370802052663009,2.6880811808697804,2.670381135565144,0.1672239006428569,5.071976666666668,5.031280469129382
2024-07-17,27.9,33.2,24.0,73.2,76.7916666666666,50,0.9,3.37083333333333,0.2,0.5467291666666659,0.25149541666666636,16.7,0.0,37.62300261138093,5.324200733334048,2.6647572660683085,2.445728661462889,0.2035425824999997,4.964323333333332,5.031280469129382
2024-07-18,28.8,33.4,23.9,69.6,73.125,46,1.0,2.63333333333333,0.0,0.5565249999999999,0.2560015,16.7,0.0,37.625852370476515,5.5168608051990935,2.7611834438360523,2.148019784310933,0.20963660721428568,5.200093333333334,5.031280469129382
2024-07-19,29.9,33.6,24.9,60.3,63.9166666666666,42,1.5,3.60833333333333,0.0,0.5691666666666659,0.26181666666666636,16.7,0.0,37.63321424814013,5.404086756524761,2.7047401426382995,2.566675909714531,0.21745744285714255,5.456723333333334,5.031280469129382
2024-07-20,30.1,34.3,25.3,60.6,63.75,44,1.1,3.3375,0.0,0.566074999999999,0.26039449999999953,16.7,0.0,37.6329767682155,5.519517,2.762512866739192,2.5881319994893106,0.2168293679999996,5.4996566666666675,5.031280469129382
2024-07-21,29.6,32.8,26.3,65.8,68.875,49,0.9,2.73333333333333,0.0,0.312370833333333,0.14369058333333318,16.7,0.0,37.628860449521866,4.641724146555242,2.32317840106532,1.7673211631489765,0.1188874466785713,5.390173333333335,5.031280469129382
2024-07-22,29.3,34.1,24.2,67.5,70.625,50,1.1,3.17916666666666,0.0,0.5627375,0.25885925,16.7,0.0,37.62751472994895,5.692234872365853,2.8489579931382027,2.620595344678551,0.21335147228571424,5.321043333333336,5.031280469129382
2024-07-23,30.4,34.1,26.0,61.5,65.0,40,1.7,4.13333333333333,0.0,0.562258333333333,0.25863883333333315,16.7,0.0,37.6322643284416,5.269068624136185,2.637163699270785,2.649433089262078,0.21619154207142838,5.561906666666666,5.031280469129382
2024-07-24,30.9,34.6,27.1,54.8,56.875,39,1.7,4.35416666666666,0.0,0.658966666666666,0.3031246666666664,16.7,0.0,37.63756804675839,5.12275870612383,2.563935728228991,2.7537196977315594,0.254986210285714,5.659923333333334,5.031280469129382
2024-07-25,29.9,34.3,26.6,64.0,66.25,43,1.4,3.79583333333333,0.0,0.45471249999999996,0.20916774999999999,16.7,0.0,37.63028532906966,5.084029346826913,2.5445517217338036,2.480811054601666,0.17372875692857143,5.456723333333334,5.031280469129382
2024-07-26,29.2,34.5,24.5,68.8,72.3333333333333,43,1.1,3.26666666666666,0.0,0.597420833333333,0.27481358333333317,16.7,0.0,37.62648565027554,5.70876499157217,2.8572313016534556,2.5883072745841136,0.22620913124999983,5.2974266666666665,5.031280469129382
2024-07-27,30.7,34.9,26.1,59.7,62.375,40,1.8,4.2875,0.0,0.619220833333333,0.2848415833333332,16.7,0.0,37.6336892079894,5.526209967453282,2.7658626904115096,2.966947839979475,0.239001549642857,5.621576666666668,5.031280469129382
2024-07-28,30.8,35.0,27.3,60.4,62.3333333333333,42,2.1,4.94583333333333,0.0,0.615779166666666,0.28325841666666635,16.7,0.0,37.63313508816525,5.179954428842516,2.592562131577838,2.985076680183192,0.2379740167499997,5.640893333333334,5.031280469129382
2024-07-29,31.0,35.2,26.9,59.2,61.3333333333333,37,2.1,5.3125,0.0,0.644637499999999,0.2965332499999995,16.7,0.0,37.63408500786378,5.400117073624535,2.702753320224536,3.196125963675048,0.24975651117857098,5.678666666666667,5.031280469129382
2024-07-30,31.4,35.3,28.0,56.7,59.5416666666666,35,1.9,4.50416666666666,0.0,0.573395833333333,0.2637620833333332,16.7,0.0,37.63606400723572,5.105882778470653,2.555489342923889,2.7118002633381706,0.22327542267857123,5.750773333333334,5.031280469129382
2024-07-31,31.4,35.5,27.7,54.2,55.9583333333333,38,1.9,4.58541666666666,0.0,0.59215,0.272389,16.7,0.0,37.63804300660765,5.277845967198664,2.6415567508993756,2.981627659795374,0.23057813442857136,5.750773333333334,5.031280469129382
2024-08-01,31.0,35.7,26.1,58.1,60.9166666666666,38,1.6,4.0375,0.0,0.632170833333333,0.2907985833333332,16.7,0.0,37.63495576758743,5.807640774398362,2.9067185343707864,3.088995583523668,0.24492646146428554,5.678666666666667,5.031280469129382
2024-08-02,30.6,35.1,25.8,60.3,62.375,44,1.4,3.86666666666666,0.0,0.5704375,0.26240125000000003,16.7,0.0,37.63321424814013,5.669322245525016,2.8374902457866487,2.9705960276525576,0.21989387732142854,5.601973333333334,5.031280469129382
2024-08-03,29.3,34.5,25.4,68.9,71.3333333333333,47,1.3,3.78333333333333,0.0,0.559554166666666,0.25739491666666636,16.7,0.0,37.62640649030066,5.457401556961068,2.73142414817591,2.749835052850498,0.21214457057142833,5.321043333333336,5.031280469129382
2024-08-04,29.9,34.4,25.9,69.4,72.4166666666666,48,1.4,3.7875,0.0,0.572370833333333,0.2632905833333332,16.7,0.0,37.62601069042628,5.341609665402041,2.6734704195623586,2.635133777077933,0.21868163592857132,5.456723333333334,5.031280469129382
2024-08-05,30.8,35.2,27.0,56.1,58.2916666666666,38,2.2,5.21249999999999,0.0,0.634341666666666,0.2917971666666664,16.7,0.0,37.63653896708498,5.345489768433123,2.675412407339122,3.2126151629930026,0.2451476804999997,5.640893333333334,5.031280469129382
2024-08-06,30.4,35.1,24.5,56.5,58.4583333333333,40,1.8,4.45833333333333,0.0,0.656470833333333,0.3019765833333332,16.7,0.0,37.63622232718547,6.027597971287269,3.016806896547675,3.470551665917554,0.25241678667857126,5.561906666666666,5.031280469129382
2024-08-07,31.4,36.2,25.8,52.8,55.8333333333333,32,1.7,4.34166666666666,0.0,0.7020625,0.32294875,16.7,0.0,37.63915124625594,6.09433157980706,3.0502070024228556,3.407483106238149,0.27337711982142854,5.750773333333334,5.031280469129382
2024-08-08,31.6,35.9,25.4,53.0,55.625,36,1.7,4.11666666666666,0.0,0.690591666666666,0.3176721666666664,16.7,0.0,37.63899292630618,6.148453680578394,3.0772950609895315,3.3686804125804986,0.2695852823571426,5.785106666666668,5.031280469129382
2024-08-09,31.4,35.4,26.0,58.2,60.5833333333333,39,1.5,3.92083333333333,0.0,0.648329166666666,0.29823141666666636,16.7,0.0,37.634876607612554,5.793931238170642,2.899856924881025,2.9974798750655998,0.25245382039285685,5.750773333333334,5.031280469129382
2024-08-10,31.4,35.8,27.1,62.3,64.625,42,1.0,3.21666666666666,0.0,0.5317666666666659,0.24461266666666634,16.7,0.0,37.631631048642575,5.574026591635601,2.789794864104912,2.557989211252853,0.2070653819999997,5.750773333333334,5.031280469129382
2024-08-11,28.3,31.9,24.5,70.4,73.1666666666666,53,1.4,4.39166666666666,6.0,0.415045833333333,0.19092108333333319,16.7,0.0,37.625219090677504,4.8168274862576705,2.410817451536034,2.44501311471942,0.15532912435714272,5.071976666666668,5.031280469129382
2024-08-12,28.4,31.9,25.9,69.7,71.8333333333333,53,1.2,3.74583333333333,0.0,0.345145833333333,0.15876708333333317,16.7,0.0,37.62577321050164,4.346722427137946,2.1755303286704955,1.9617006863893791,0.1293379773214284,5.0981733333333334,5.031280469129382
2024-08-13,28.2,32.5,23.8,75.5,78.0416666666666,53,1.0,3.34583333333333,9.6,0.39444166666666597,0.18144316666666635,16.7,0.0,37.621181931958745,5.211488276732472,2.608344791642804,2.3106199629759745,0.14742539035714256,5.045493333333334,5.031280469129382
2024-08-14,27.5,33.9,25.3,80.0,82.125,54,1.1,3.54166666666666,0.0,0.533804166666666,0.24554991666666637,16.7,0.0,37.61761973308926,5.102602468375269,2.553847550925533,2.4564659012291044,0.19768750992857115,4.852083333333334,5.031280469129382
2024-08-15,28.5,34.0,23.9,72.0,76.7083333333333,47,1.3,3.525,1.4,0.669029166666666,0.3077534166666664,16.7,0.0,37.62395253107946,5.651789588825729,2.828715168235497,2.6842126413843514,0.25103503542857114,5.124083333333334,5.031280469129382
2024-08-16,30.6,35.1,25.8,59.9,62.875,40,1.8,4.15833333333333,0.0,0.6478875000000001,0.29802825000000005,16.7,0.0,37.63353088803964,5.669322245525016,2.8374902457866487,3.028074608823932,0.2497495246071428,5.601973333333334,5.031280469129382
2024-08-17,31.0,35.6,25.8,59.3,62.1666666666666,36,1.3,3.65833333333333,0.0,0.6282875,0.28901225,16.7,0.0,37.6340058478889,5.867825187797195,2.9368407744855336,2.889378083477472,0.2434219138928571,5.678666666666667,5.031280469129382
2024-08-18,30.9,36.7,25.2,59.6,62.75,40,1.0,2.8,0.0,0.576466666666666,0.2651746666666664,16.7,0.0,37.63376836796427,6.343401324772342,3.1748661664732682,2.785166165554828,0.22306295314285687,5.659923333333334,5.031280469129382
2024-08-19,31.5,36.0,26.6,57.0,59.5416666666666,38,1.3,3.70833333333333,0.0,0.588179166666666,0.27056241666666636,16.7,0.0,37.63582652731108,5.805707521175053,2.9057509430210264,2.9516212288065895,0.22931929349999974,5.768083333333334,5.031280469129382
2024-08-20,31.6,36.5,27.6,60.5,63.0,38,1.9,4.6,0.0,0.678554166666666,0.3121349166666664,16.7,0.0,37.63305592819037,5.660649430130116,2.8331495101535737,3.2263887606471515,0.26488622067857115,5.785106666666668,5.031280469129382
2024-08-21,31.7,36.3,26.2,55.7,58.7083333333333,37,1.7,4.37083333333333,0.0,0.713166666666666,0.32805666666666633,16.7,0.0,37.6368556069845,6.042410035569623,3.024220320251773,3.4172360415404928,0.2787462857142854,5.801843333333335,5.031280469129382
2024-08-22,32.1,36.5,27.4,54.5,57.0416666666666,33,2.1,4.92916666666666,0.0,0.743633333333333,0.3420713333333332,16.7,0.0,37.637805526683024,5.781833072024572,2.8938018045430556,3.4146624419863807,0.29210767199999993,5.865923333333332,5.031280469129382
2024-08-23,31.9,36.6,26.1,51.0,52.6666666666666,34,2.0,4.875,0.0,0.764795833333333,0.3518060833333332,16.7,0.0,37.64057612580373,6.185792468112271,3.095983087675703,3.8081423348632377,0.2996732290714284,5.834456666666672,5.031280469129382
2024-08-24,31.4,35.7,27.8,58.6,60.625,42,2.2,5.02083333333333,0.0,0.682204166666666,0.31381391666666636,16.7,0.0,37.634559967713045,5.311570565724757,2.658435879517685,3.1659066514568677,0.26564445503571393,5.750773333333334,5.031280469129382
2024-08-25,31.6,36.3,27.9,60.2,62.1666666666666,42,2.1,5.3125,0.0,0.7213624999999999,0.33182674999999995,16.7,0.0,37.633293408115,5.499344154512826,2.7524163772787813,3.4267375147439605,0.2815972486071428,5.785106666666668,5.031280469129382
2024-08-26,31.2,35.1,27.7,61.5,63.0208333333333,46,1.6,4.7875,0.0,0.547795833333333,0.2519860833333332,16.7,0.0,37.6322643284416,5.119838325957179,2.562474080808367,2.918642527539235,0.21277172732142838,5.715293333333335,5.031280469129382
2024-08-27,29.7,34.4,26.1,66.5,68.8333333333333,47,1.6,4.84583333333333,0.0,0.567866666666666,0.2612186666666664,16.7,0.0,37.62830632969772,5.256261495843551,2.6307537440710127,3.006074836990093,0.216405874285714,5.412643333333335,5.031280469129382
2024-08-28,27.6,32.1,24.4,73.9,75.0,57,1.3,4.71249999999999,0.0,0.319133333333333,0.14680133333333317,16.7,0.0,37.62244849155679,4.838887470564821,2.4218584521323843,2.642722946064461,0.11834284628571413,4.8805733333333325,5.031280469129382
2024-08-29,29.5,35.9,25.4,67.6,70.5416666666666,46,1.3,3.675,0.0,0.547458333333333,0.2518308333333332,16.7,0.0,37.627435569974075,5.887082167841254,2.946478874186332,3.0523536481450573,0.20809360499999988,5.367416666666668,5.031280469129382
2024-08-30,30.3,36.1,25.0,62.8,66.7916666666666,34,1.3,3.84166666666666,0.0,0.672875,0.30952250000000003,16.7,0.0,37.631235248768185,6.155323361481109,3.080733329570667,3.1123895155080272,0.25839553499999995,5.541443333333334,5.031280469129382
2024-08-31,31.8,37.5,27.4,57.0,60.125,33,1.4,3.85833333333333,0.0,0.7271958333333329,0.33451008333333315,16.7,0.0,37.63582652731108,6.054616924530372,3.0303298562522825,3.205476678071073,0.28458497282142836,5.81829333333334,5.031280469129382
2024-09-01,31.2,36.4,26.3,60.2,63.7916666666666,37,1.1,2.97916666666666,0.0,0.644533333333333,0.29648533333333316,16.7,0.0,37.633293408115,5.981375590765889,2.9936726402492297,2.6449500383709403,0.2503459542857141,5.715293333333335,5.031280469129382
2024-09-02,32.1,37.7,27.4,57.4,59.5416666666666,39,1.3,3.76666666666666,0.0,0.607095833333333,0.2792640833333332,16.7,0.0,37.63550988741157,6.151251233651111,3.0786952335696265,3.31584892246942,0.2384741815714284,5.865923333333332,5.031280469129382
2024-09-03,31.8,37.3,27.3,61.5,65.2083333333333,42,0.9,2.8625,0.0,0.539258333333333,0.24805883333333317,16.7,0.0,37.6322643284416,6.024569012382544,3.01529090557471,2.6706336048531956,0.2110364376428569,5.81829333333334,5.031280469129382
2024-09-04,32.6,37.8,27.7,58.1,62.375,34,1.5,3.72083333333333,0.0,0.8006041666666659,0.3682779166666663,16.7,0.0,37.63495576758743,6.152272036216344,3.0792061442563505,3.1526333285521795,0.3164422280357139,5.939573333333336,5.031280469129382
2024-09-05,32.7,37.5,28.3,54.5,56.125,38,1.4,3.73333333333333,0.0,0.586320833333333,0.26970758333333317,16.7,0.0,37.637805526683024,5.883416565281604,2.944644243685985,3.122808918844927,0.23203228178571414,5.953443333333331,5.031280469129382
2024-09-06,29.9,35.7,24.0,65.5,68.3125,41,1.4,4.66458333333333,0.8,0.595525,0.2739415,16.7,0.0,37.6290979294465,6.266941158970084,3.136597928179637,3.6329562323991818,0.22752798299999996,5.456723333333334,5.031280469129382
2024-09-07,30.7,36.9,25.6,65.9,70.2083333333333,35,1.6,4.05,0.8,0.7867333333333331,0.36189733333333324,16.7,0.0,37.628781289546986,6.2621759726506,3.134212957081625,3.2861152484544647,0.30365658857142847,5.621576666666668,5.031280469129382
2024-09-08,32.6,37.8,27.5,49.5,52.1666666666666,24,1.7,4.29166666666666,0.0,0.852033333333333,0.3919353333333332,16.7,0.0,37.641763525426896,6.2128870175554285,3.1095438832045916,3.469999558223903,0.33676982657142834,5.939573333333336,5.031280469129382
2024-09-09,32.3,36.7,28.3,57.8,59.2916666666666,42,1.8,4.54166666666666,0.0,0.6509416666666661,0.2994331666666664,16.7,0.0,37.63519324751207,5.577270083827785,2.791418228778683,3.2475619519681915,0.25633338899999975,5.896243333333333,5.031280469129382
2024-09-10,32.1,37.2,27.6,60.8,63.5416666666666,37,1.6,3.99166666666666,0.0,0.732241666666666,0.3368311666666664,16.7,0.0,37.63281844826574,5.93855070988685,2.972238829202915,3.1625825347614285,0.2876328951428569,5.865923333333332,5.031280469129382
2024-09-11,32.6,38.0,28.4,53.0,55.0416666666666,29,2.3,5.85416666666666,0.0,0.7564624999999999,0.34797275,16.7,0.0,37.63899292630618,5.998055226017981,3.0020207813993376,3.989353987039072,0.29899504510714275,5.939573333333336,5.031280469129382
2024-09-12,32.9,37.9,27.8,50.0,52.3333333333333,27,2.5,6.01666666666666,0.0,0.8736625,0.40188475,16.7,0.0,37.64136772555251,6.188892703098583,3.097534752257876,4.179166785382676,0.346599387,5.980323333333333,5.031280469129382
2024-09-13,33.2,37.8,29.2,48.1,49.5833333333333,31,2.2,5.42916666666666,0.0,0.809387499999999,0.3723182499999996,16.7,0.0,37.64287176507518,5.744651785588052,2.8751926070022558,3.732414577138541,0.3222865398214281,6.0184933333333355,5.031280469129382
2024-09-14,32.7,37.3,28.7,54.6,56.1666666666666,39,2.3,6.0,0.0,0.7776208333333331,0.35770558333333324,16.7,0.0,37.637726366708144,5.688331670043071,2.847004444188508,3.8795195668487277,0.3077378903571428,5.953443333333331,5.031280469129382
2024-09-15,32.8,37.5,29.2,55.0,56.3333333333333,40,2.3,5.77083333333333,0.0,0.761879166666666,0.3504644166666664,16.7,0.0,37.637409726808635,5.599301719782815,2.8024450410524895,3.7657304753003804,0.30188047060714257,5.967026666666667,5.031280469129382
2024-09-16,32.8,37.8,29.0,55.3,57.625,33,2.3,5.30833333333333,0.0,0.8309083333333329,0.38221783333333315,16.7,0.0,37.637172246884,5.765489161920329,2.885621693501492,3.6224691708004353,0.3292319959285712,5.967026666666667,5.031280469129382
2024-09-17,33.4,38.4,29.7,51.7,53.2083333333333,33,2.0,5.0375,0.0,0.7277374999999999,0.33475925,16.7,0.0,37.640022005979596,5.800613038450056,2.90320115939373,3.64808235876344,0.2904857797499999,6.042506666666668,5.031280469129382
2024-09-18,33.2,39.0,28.8,53.2,55.1458333333333,34,2.0,5.17291666666666,0.0,0.7302520833333329,0.33591595833333315,16.7,0.0,37.638834606356426,6.256256832853012,3.131250433395066,4.106767139028482,0.29077594741071405,6.0184933333333355,5.031280469129382
2024-09-19,30.8,35.5,27.0,64.0,67.375,43,1.3,4.00208333333333,0.0,0.516525,0.23760150000000002,16.7,0.0,37.63028532906966,5.442394753428494,2.7239132576673084,2.811700884973818,0.19961625149999992,5.640893333333334,5.031280469129382
2024-09-20,32.7,38.2,28.1,52.2,54.2708333333333,33,2.0,5.00833333333333,0.0,0.9000812499999999,0.414037375,16.7,0.0,37.639626206105206,6.164478925177091,3.0853156802568598,3.9340536203947916,0.3562007255357143,5.953443333333331,5.031280469129382
2024-09-21,33.4,38.7,28.8,48.2,49.9375,32,2.5,6.42916666666666,0.0,0.844333333333333,0.3883933333333332,16.7,0.0,37.6427926051003,6.187737271021905,3.096956459632187,4.553981085364937,0.33702650571428555,6.042506666666668,5.031280469129382
2024-09-22,32.9,38.6,28.1,48.0,50.2916666666666,22,2.2,5.39583333333333,0.0,0.791920833333333,0.36428358333333316,16.7,0.0,37.64295092505006,6.3102550932251935,3.15827650996294,4.0565067020784955,0.31417083299999987,5.980323333333333,5.031280469129382
2024-09-23,33.3,38.8,28.8,49.5,51.7083333333333,30,1.7,4.74166666666666,0.0,0.760949999999999,0.35003699999999954,16.7,0.0,37.641763525426896,6.206763639773144,3.1064791386062027,3.844158642911163,0.3033711977142852,6.03064333333333,5.031280469129382
2024-09-24,28.9,35.0,26.7,69.6,70.9583333333333,43,1.4,4.70833333333333,0.4,0.229658333333333,0.10564283333333319,16.7,0.0,37.625852370476515,5.167734986439872,2.586446312591923,2.888901564182013,0.08662187399999986,5.224856666666667,5.031280469129382
2024-09-25,29.4,35.7,24.2,70.8,74.7916666666666,46,1.1,3.13333333333333,19.8,0.649895833333333,0.2989520833333332,16.7,0.0,37.62490245077799,6.148019353783462,3.077077680852942,2.82582002467811,0.24671345624999982,5.344373333333334,5.031280469129382
2024-09-26,30.4,36.9,27.1,67.4,70.2916666666666,43,1.0,3.3125,0.0,0.635220833333333,0.2922015833333332,16.7,0.0,37.62759388992383,5.795679796143951,2.90073207643858,2.814021653790901,0.24424604024999982,5.561906666666666,5.031280469129382
2024-09-27,31.0,38.2,26.7,62.8,66.75,38,1.2,3.71666666666666,0.0,0.729637499999999,0.3356332499999996,16.7,0.0,37.631235248768185,6.356426789504934,3.1813853988479566,3.3882800690391828,0.2826886683214282,5.678666666666667,5.031280469129382
2024-09-28,28.0,33.1,23.2,75.3,79.0416666666666,52,1.3,4.53541666666666,38.2,0.547183333333333,0.2517043333333332,16.7,0.0,37.62134025190851,5.535124355718812,2.770324333030354,2.999843650123275,0.20397900299999983,4.991666666666666,5.031280469129382
2024-09-29,28.3,32.3,25.4,79.3,81.2916666666666,64,1.0,3.29583333333333,2.0,0.47196249999999995,0.21710274999999998,16.7,0.0,37.61817385291341,4.651251016303774,2.327946590068102,2.063058310008914,0.1766299429285714,5.071976666666668,5.031280469129382
2024-09-30,27.1,32.8,22.7,77.5,80.2083333333333,55,1.3,4.80416666666666,0.2,0.514475,0.23665850000000002,16.7,0.0,37.6195987324612,5.480893143375275,2.743181664228376,3.125450891981733,0.1895237704285714,4.735256666666667,5.031280469129382
2024-10-01,28.3,32.6,23.4,74.7,77.5416666666666,57,0.9,2.91666666666666,0.0,0.436754166666666,0.20090691666666638,16.7,0.0,37.62181521175777,5.37080205266301,2.688081180869781,2.262418036885158,0.16345337507142832,5.071976666666668,5.031280469129382
2024-10-02,30.5,36.3,25.4,62.3,66.5833333333333,37,1.0,3.14166666666666,0.0,0.881275,0.40538650000000004,16.7,0.0,37.631631048642575,6.124980168635495,3.0655465911922986,2.822992686813522,0.33928583914285715,5.582083333333334,5.031280469129382
2024-10-03,30.6,38.1,26.5,62.1,65.2083333333333,38,1.3,3.87083333333333,0.0,0.775833333333333,0.3568833333333332,16.7,0.0,37.63178936859233,6.3316757094514555,3.1689975074593755,3.5141906600717485,0.2990704499999998,5.601973333333334,5.031280469129382
2024-10-04,29.6,35.5,25.0,65.5,69.4166666666666,40,1.5,4.52083333333333,0.0,0.8834499999999991,0.4063869999999996,16.7,0.0,37.6290979294465,5.899528430352548,2.952708216415057,3.340517039921282,0.33623854585714247,5.390173333333335,5.031280469129382
2024-10-05,30.9,36.3,26.7,63.0,64.75,40,1.1,3.40416666666666,0.0,0.7809375,0.35923125,16.7,0.0,37.63107692881844,5.795739871172135,2.9007621439315017,2.836921779358696,0.30218264999999994,5.659923333333334,5.031280469129382
2024-10-06,28.0,35.2,24.9,73.4,76.7083333333333,51,1.1,4.51041666666666,0.0,0.595408333333333,0.27388783333333316,16.7,0.0,37.62284429143118,5.645837805635688,2.825736306562903,3.30715606476891,0.22195631849999983,4.991666666666666,5.031280469129382
2024-10-07,27.6,31.8,24.6,74.6,78.25,55,1.4,3.82916666666666,14.8,0.6342458333333331,0.2917530833333332,16.7,0.0,37.621894371732644,4.6791439729389825,2.341906987616685,2.207058152740625,0.2351946641785713,4.8805733333333325,5.031280469129382
2024-10-08,30.8,36.1,24.8,66.0,69.2916666666666,44,1.7,4.27499999999999,1.0,0.877758333333333,0.4037688333333332,16.7,0.0,37.62870212957211,6.2750876756869935,3.1406752518384944,3.512655468869271,0.3392184854999998,5.640893333333334,5.031280469129382
2024-10-09,32.3,37.3,28.3,54.7,57.5625,36,2.2,5.31875,0.0,0.893241666666666,0.4108911666666664,16.7,0.0,37.63764720673327,5.773022999999998,2.889392372100908,3.684076405114832,0.3517483598571426,5.896243333333333,5.031280469129382
2024-10-10,32.5,37.9,28.1,52.0,54.5833333333333,38,1.5,3.90416666666666,0.0,0.67665,0.311259,16.7,0.0,37.63978452605495,6.048188666930304,3.027112519602916,3.398289334097769,0.26711822057142853,5.925416666666664,5.031280469129382
2024-10-11,33.1,37.6,27.9,48.9,52.9583333333333,34,1.3,3.675,0.0,0.7358416666666661,0.3384871666666664,16.7,0.0,37.64223848527617,6.089027796716131,3.047552464166866,3.1983760282391587,0.29264212842857124,6.006056666666664,5.031280469129382
2024-10-12,32.5,37.5,27.7,54.8,56.9166666666666,38,1.2,3.53333333333333,0.0,0.8893166666666661,0.4090856666666664,16.7,0.0,37.63756804675839,6.048188666930305,3.0271125196029165,3.152050026830531,0.3510717291428569,5.925416666666664,5.031280469129382
2024-10-13,29.5,34.7,23.2,68.8,71.4166666666666,51,1.4,4.975,13.4,0.6778291666666659,0.31180141666666633,16.7,0.0,37.62648565027554,6.161044818516054,3.0835969132276304,3.761920372324891,0.25764867621428544,5.367416666666668,5.031280469129382
2024-10-14,30.4,35.4,26.7,68.0,71.2083333333333,43,1.1,3.4625,0.0,0.746879166666666,0.3435644166666664,16.7,0.0,37.62711893007456,5.460733368228373,2.7330917164605038,2.5834985421574954,0.2871793074642854,5.561906666666666,5.031280469129382
2024-10-15,29.9,36.8,26.2,68.6,72.125,43,1.1,3.69583333333333,0.0,0.7243833333333329,0.33321633333333317,16.7,0.0,37.626643970225295,5.96507102137765,2.985512219197595,3.1039299530789464,0.27675996599999986,5.456723333333334,5.031280469129382
2024-10-16,27.9,30.9,25.4,76.9,78.5833333333333,63,1.0,3.65,0.2,0.4382625,0.20160075,16.7,0.0,37.62007369231046,4.11663016430059,2.0603693758868857,1.7919488923130336,0.16316137221428567,4.964323333333332,5.031280469129382
2024-10-17,28.9,33.2,25.2,73.6,77.5833333333333,52,1.0,2.85416666666666,0.2,0.5526749999999999,0.25423049999999997,16.7,0.0,37.62268597148142,5.073482669732105,2.5392731201504133,2.0533077107476183,0.20845637742857137,5.224856666666667,5.031280469129382
2024-10-18,30.7,36.4,26.2,63.3,66.2083333333333,43,1.6,4.6125,0.0,0.809205555555555,0.3722345555555553,16.7,0.0,37.6308394488938,5.94957757634061,2.9777577650913862,3.5315040424833892,0.31233022428571405,5.621576666666668,5.031280469129382
2024-10-19,31.5,37.8,27.2,64.1,67.2083333333333,41,1.0,3.41874999999999,0.0,0.596461111111111,0.2743721111111111,16.7,0.0,37.630206169094784,6.16515726108843,3.0856551867178497,3.081818624558603,0.23254825799999998,5.768083333333334,5.031280469129382
2024-10-20,28.1,32.2,25.2,73.0,75.0416666666666,58,1.6,5.07083333333333,0.0,0.529529166666666,0.24358341666666639,16.7,0.0,37.62316093133069,4.6645098306817845,2.334582613712374,2.609453644053721,0.19765659557142834,5.018723333333332,5.031280469129382
2024-10-21,29.4,35.5,24.2,73.5,76.0208333333333,50,1.6,4.36458333333333,0.2,0.926235416666666,0.4260682916666664,16.7,0.0,37.6227651314563,6.094323833177492,3.050203125242324,3.4799149462818937,0.3516174888749996,5.344373333333334,5.031280469129382
2024-10-22,26.0,32.8,22.3,84.0,85.5,61,2.0,5.96666666666666,29.6,0.208516666666666,0.09591766666666636,16.7,0.0,37.614453334094165,5.451462979946024,2.728451896181001,3.5465985635203903,0.07569333728571404,4.3903333333333325,5.031280469129382
2024-10-23,28.8,34.8,24.8,74.8,77.625,49,1.1,3.25,0.4,0.666291666666666,0.30649416666666635,16.7,0.0,37.62173605178289,5.660179757601342,2.8329144395117236,2.6230628496726403,0.2509844560714283,5.200093333333334,5.031280469129382
2024-10-24,30.9,36.5,26.5,67.0,70.9583333333333,42,0.9,2.85833333333333,0.0,0.677820833333333,0.3117975833333332,16.7,0.0,37.62791052982333,5.915252235948184,2.9605779657558147,2.5434616300753974,0.262281803142857,5.659923333333334,5.031280469129382
2024-10-25,32.1,37.2,27.0,60.4,63.375,44,1.4,3.78333333333333,0.0,0.843829166666666,0.38816141666666637,16.7,0.0,37.63313508816525,6.121317959987556,3.063713659341447,3.3089683745635203,0.3314657404285712,5.865923333333332,5.031280469129382
2024-10-26,31.9,36.3,28.2,61.2,63.1875,46,1.5,3.96666666666666,0.0,0.6681916666666661,0.3073681666666664,16.7,0.0,37.63250180836623,5.433043788787726,2.719233108999129,2.9170469485099666,0.26182040442857124,5.834456666666672,5.031280469129382
2024-10-27,30.7,33.6,28.9,64.4,65.0,53,1.6,4.47083333333333,0.0,0.4257375,0.19583925,16.7,0.0,37.629968689170155,4.038638441251892,2.0213345946875183,1.992800062803319,0.16432251107142856,5.621576666666668,5.031280469129382
2024-10-28,28.9,34.1,24.3,74.0,78.6666666666666,45,1.7,4.9125,11.6,0.7092833333333329,0.32627033333333316,16.7,0.0,37.622369331581915,5.6153163170108416,2.8104603313211975,3.1105288021390676,0.267525461142857,5.224856666666667,5.031280469129382
2024-10-29,31.1,36.3,25.7,63.2,67.0833333333333,37,1.3,3.51249999999999,0.0,0.896991666666666,0.41261616666666634,16.7,0.0,37.63091860886868,6.115135701160736,3.0606194448377866,2.9720571749892746,0.34796613299999973,5.6971233333333355,5.031280469129382
2024-10-30,31.4,37.8,27.0,61.3,64.9166666666666,41,1.0,3.19583333333333,0.0,0.878116666666666,0.40393366666666636,16.7,0.0,37.632422648391355,6.2104245176499155,3.1083114044073845,3.058717711453935,0.34193110328571397,5.750773333333334,5.031280469129382
2024-10-31,27.8,33.1,24.8,79.4,80.6666666666666,52,1.6,4.80833333333333,7.0,0.532741666666666,0.24506116666666639,16.7,0.0,37.61809469293853,5.04601103600981,2.5255235943081726,2.752183085590681,0.198074873785714,4.936693333333333,5.031280469129382
2024-11-01,30.2,37.3,25.4,70.1,74.5416666666666,41,1.5,3.94999999999999,1.8,0.821008333333333,0.3776638333333332,16.7,0.0,37.62545657060213,6.3600279649196505,3.1831877836252005,3.400503237085422,0.31488015321428553,5.520693333333335,5.031280469129382
2024-11-02,31.2,35.6,28.3,65.2,67.7083333333333,44,1.7,4.42916666666666,0.2,0.7702374999999999,0.35430924999999996,16.7,0.0,37.62933540937113,5.08512715741996,2.5451011748632233,2.7463107028936196,0.299171248392857,5.715293333333335,5.031280469129382
2024-11-03,31.3,36.1,26.6,62.6,65.25,41,1.7,4.4875,0.0,0.873658333333333,0.4018828333333332,16.7,0.0,37.63139356871795,5.812829732516642,2.909315602840133,3.299369015301637,0.33976822199999984,5.733176666666668,5.031280469129382
2024-11-04,28.9,33.5,27.6,74.8,75.8333333333333,55,1.0,3.3125,0.0,0.30009166666666603,0.13804216666666638,16.7,0.0,37.62173605178289,4.356996324310258,2.180672404169143,1.892840261548609,0.11318771742857119,5.224856666666667,5.031280469129382
2024-11-05,29.4,35.9,24.1,71.1,74.7083333333333,48,1.8,4.7,4.6,0.8525625,0.39217875,16.7,0.0,37.62466497085336,6.227694634516628,3.116955081028796,3.7301676155350183,0.3236497762499999,5.344373333333334,5.031280469129382
2024-11-06,27.9,35.5,27.6,78.8,79.3958333333333,51,1.5,4.30833333333333,0.0,0.357083333333333,0.16425833333333317,16.7,0.0,37.61856965278779,4.933714936049213,2.469319505974759,2.722069282487456,0.13293906428571414,4.964323333333332,5.031280469129382
2024-11-07,28.4,34.7,23.5,75.1,79.9791666666666,46,1.2,3.20625,56.6,0.894387499999999,0.41141824999999954,16.7,0.0,37.62149857185826,5.938753427223327,2.972340289031797,2.6976028562773804,0.33515766096428523,5.0981733333333334,5.031280469129382
2024-11-08,30.4,34.2,26.8,70.3,72.7916666666666,55,1.3,3.88958333333333,0.0,0.665770833333333,0.30625458333333316,16.7,0.0,37.62529825065238,5.036249128798694,2.520637769284965,2.538318196728544,0.25599268982142837,5.561906666666666,5.031280469129382
2024-11-09,31.0,36.1,26.7,67.9,71.5833333333333,45,1.8,5.13125,0.0,0.808633333333333,0.3719713333333332,16.7,0.0,37.62719809004944,5.746826106152995,2.876280852321017,3.4639886363702463,0.3132945882857141,5.678666666666667,5.031280469129382
2024-11-10,27.9,33.0,24.9,76.9,78.125,57,1.4,4.81458333333333,0.4,0.434787499999999,0.20000224999999955,16.7,0.0,37.62007369231046,4.995776683050284,2.500381349723545,2.810847192867246,0.1618676594999996,4.964323333333332,5.031280469129382
2024-11-11,28.6,34.1,24.9,73.0,76.3333333333333,49,1.0,3.31666666666666,0.0,0.746879166666666,0.3435644166666664,16.7,0.0,37.62316093133069,5.405753042159734,2.7055741169708867,2.508193142578413,0.2806110386785711,5.149706666666669,5.031280469129382
2024-11-12,30.8,35.6,26.8,67.8,70.9166666666666,46,1.7,4.00416666666666,0.0,0.7337374999999999,0.33751925,16.7,0.0,37.627277250024314,5.537604214808856,2.7715655000824615,2.894372025657552,0.2835601942499999,5.640893333333334,5.031280469129382
2024-11-13,29.0,35.1,27.5,73.0,74.0416666666666,54,1.5,4.93333333333333,0.0,0.398116666666666,0.18313366666666636,16.7,0.0,37.62316093133069,4.9556081256344715,2.4802770259757367,2.9522049434733177,0.150355015285714,5.249333333333334,5.031280469129382
2024-11-14,27.0,32.4,24.2,78.1,81.4166666666666,58,1.2,3.5625,7.4,0.5487291666666659,0.25241541666666634,16.7,0.0,37.619123772611935,4.927529663082384,2.466223782896968,2.3410588539227866,0.20187432482142825,4.705333333333334,5.031280469129382
2024-11-15,27.5,33.8,25.6,80.4,82.125,59,0.9,3.09583333333333,0.0,0.316104166666666,0.1454079166666664,16.7,0.0,37.61730309318975,4.982524413786428,2.493748601902514,2.237550198008914,0.11706511392857118,4.852083333333334,5.031280469129382
2024-11-16,26.7,29.9,24.5,80.6,84.0833333333333,59,2.1,5.13958333333333,10.2,0.49345,0.22698700000000002,16.7,0.0,37.61714477323999,3.9719264517529767,1.9879453091111674,1.911421360931008,0.18081417857142856,4.6138433333333335,5.031280469129382
2024-11-17,28.7,34.5,24.6,72.9,76.2916666666666,48,1.4,3.525,0.0,0.799720833333333,0.3678715833333332,16.7,0.0,37.62324009130556,5.619722326221065,2.812665534626888,2.7339943139330165,0.3008549774999999,5.175043333333334,5.031280469129382
2024-11-18,31.0,36.0,26.4,65.0,68.1666666666666,44,1.3,3.62291666666666,0.0,0.867420833333333,0.3990135833333332,16.7,0.0,37.629493729320885,5.807640774398362,2.9067185343707864,2.936233347116271,0.3360710493214284,5.678666666666667,5.031280469129382
2024-11-19,28.8,34.9,27.6,74.5,76.1666666666666,55,0.9,3.29166666666666,0.0,0.44527083333333295,0.20482458333333317,16.7,0.0,37.62197353170752,4.836059704811634,2.4204431581352277,2.280688695924613,0.1677284341071427,5.200093333333334,5.031280469129382
2024-11-20,27.8,33.1,24.6,79.8,82.9166666666666,58,1.3,4.43333333333333,0.4,0.562408333333333,0.2587078333333332,16.7,0.0,37.61777805303902,5.1064444600069825,2.555770463984141,2.739657858561921,0.20910502521428556,4.936693333333333,5.031280469129382
2024-11-21,27.9,33.0,25.6,81.6,84.7083333333333,58,0.8,2.76041666666666,0.0,0.405454166666666,0.18650891666666636,16.7,0.0,37.61635317349122,4.775032887678428,2.389899295774333,1.8794865968562595,0.15094711092857113,4.964323333333332,5.031280469129382
2024-11-22,28.1,32.6,23.6,80.1,83.0416666666666,61,1.2,3.49583333333333,5.4,0.602625,0.2772075,16.7,0.0,37.61754057311439,5.289057000000001,2.647167861864905,2.489331539456321,0.22494097285714282,5.018723333333332,5.031280469129382
2024-11-23,28.5,33.1,25.4,75.5,78.375,60,1.3,3.9375,0.0,0.561804166666666,0.25842991666666637,16.7,0.0,37.621181931958745,4.934812552580421,2.4698688619764178,2.5065393848439737,0.2108017645714283,5.124083333333334,5.031280469129382
2024-11-24,28.8,35.3,26.0,78.5,82.5,50,0.7,2.75416666666666,0.2,0.7049624999999999,0.32428275,16.7,0.0,37.61880713271242,5.45847968267491,2.7319637490425164,2.2647318937293437,0.2655513170357142,5.200093333333334,5.031280469129382
2024-11-25,28.6,33.5,25.5,79.9,84.5833333333333,60,0.8,3.01249999999999,7.8,0.5338875000000001,0.24558825000000004,16.7,0.0,37.61769889306414,5.040890703973654,2.522960873125892,2.152804970066879,0.20058763532142856,5.149706666666669,5.031280469129382
2024-11-26,27.3,31.6,24.4,82.3,85.0833333333333,68,1.2,3.36666666666666,18.8,0.28857499999999997,0.1327445,16.7,0.0,37.61579905366708,4.648224519373306,2.3264318313108476,2.08090004785879,0.10658806199999997,4.794243333333332,5.031280469129382
2024-11-27,29.0,33.5,24.3,75.3,78.7916666666666,54,1.7,4.35833333333333,1.0,0.641191666666666,0.2949481666666664,16.7,0.0,37.62134025190851,5.452354361488695,2.7288980317723586,2.896866799340947,0.24215610878571397,5.249333333333334,5.031280469129382
2024-11-28,30.7,35.5,26.1,64.5,67.875,44,1.2,3.47916666666666,0.0,0.6820208333333331,0.31372958333333323,16.7,0.0,37.629889529195275,5.711497257139759,2.85859879790101,2.7739011828171747,0.26324055535714275,5.621576666666668,5.031280469129382
2024-11-29,31.4,36.1,26.9,60.7,64.2291666666666,41,1.4,3.57291666666666,0.0,0.69765,0.320919,16.7,0.0,37.63289760824062,5.731962277462475,2.8688415205811983,2.848306341232464,0.2716589301428571,5.750773333333334,5.031280469129382
2024-11-30,31.7,36.8,26.5,61.1,64.3333333333333,40,1.0,3.1,0.0,0.644625,0.2965275,16.7,0.0,37.63258096834111,6.101942606527652,3.054016313861652,2.8101866800475763,0.2519562857142857,5.801843333333335,5.031280469129382
2024-12-01,30.2,35.1,27.0,70.1,74.4166666666666,54,1.1,3.5375,0.0,0.5937583333333329,0.27312883333333315,16.7,0.0,37.62545657060213,5.247205268849314,2.626221111307006,2.577301376134628,0.22772328535714262,5.520693333333335,5.031280469129382
2024-12-02,30.9,35.2,23.8,64.5,68.0208333333333,46,1.8,4.35,13.4,0.765654166666666,0.35220091666666636,16.7,0.0,37.629889529195275,6.315761100372195,3.161032261161451,3.5153554915379126,0.29626878599999973,5.659923333333334,5.031280469129382
2024-12-03,30.7,34.9,27.4,63.9,66.25,49,1.8,4.81666666666666,0.0,0.662183333333333,0.3046043333333332,16.7,0.0,37.63036448904454,5.101720682690056,2.553406218051459,2.939277444078798,0.25558384714285703,5.621576666666668,5.031280469129382
2024-12-04,30.2,34.5,27.9,68.3,70.5,49,1.6,4.69583333333333,0.0,0.6459,0.29711400000000004,16.7,0.0,37.62688145014993,4.736499680126665,2.370613463035983,2.5695459264382268,0.24772110428571423,5.520693333333335,5.031280469129382
2024-12-05,29.1,34.4,25.6,77.0,80.5416666666666,52,1.5,4.075,7.0,0.616379166666666,0.2835344166666664,16.7,0.0,37.61999453233559,5.343902009764101,2.6746177356762844,2.7421457511608605,0.23308642349999972,5.273523333333334,5.031280469129382
2024-12-06,26.3,29.8,25.8,88.8,90.125,74,1.3,4.21666666666666,0.8,0.19335833333333302,0.0889448333333332,16.7,0.0,37.61065365530005,3.387762,1.6955715716520303,1.4361502718418993,0.07047414042857131,4.487843333333332,5.031280469129382
2024-12-07,26.7,30.9,24.4,85.5,88.2916666666666,63,1.7,4.47083333333333,10.8,0.489170833333333,0.2250185833333332,16.7,0.0,37.613265934471,4.35773680425545,2.1810430136583707,2.123595897115185,0.179246169642857,4.6138433333333335,5.031280469129382
2024-12-08,27.8,33.0,24.4,78.9,82.0833333333333,53,1.5,3.91666666666666,0.4,0.464458333333333,0.21365083333333318,16.7,0.0,37.61849049281292,5.136394537702259,2.570760448613782,2.5033194963072174,0.17268693535714272,4.936693333333333,5.031280469129382
2024-12-09,27.8,32.6,23.8,78.8,82.8333333333333,60,1.2,3.5,10.8,0.4505625,0.20725875,16.7,0.0,37.61856965278779,5.195776794141643,2.6004812099539145,2.432112510727267,0.16752042482142857,4.936693333333333,5.031280469129382
2024-12-10,26.7,29.7,26.0,90.5,93.1666666666666,78,0.7,2.36666666666666,0.6,0.2326875,0.10703625,16.7,0.0,37.609307935727124,3.287798403049143,1.6455398890279396,0.9892738602008705,0.0852633482142857,4.6138433333333335,5.031280469129382
2024-12-11,26.2,29.1,24.0,84.1,86.75,67,1.6,4.44583333333333,48.8,0.36033333333333295,0.16575333333333317,16.7,0.0,37.61437417411929,3.8166476819533655,1.9102284365111086,1.7038843922329872,0.13115618571428556,4.4556266666666655,5.031280469129382
2024-12-12,27.1,33.9,23.4,79.3,81.7916666666666,52,0.9,3.29583333333333,0.0,0.722845833333333,0.3325090833333332,16.7,0.0,37.61817385291341,5.588371867570241,2.7969746606969634,2.6302771172296926,0.26628401335714263,4.735256666666667,5.031280469129382
2024-12-13,25.7,32.0,24.3,90.2,92.7916666666666,60,1.2,3.63333333333333,23.2,0.411816666666666,0.18943566666666636,16.7,0.0,37.60954541565176,4.636378964087437,2.320503142461645,2.1162946462025505,0.14888937428571403,4.290243333333333,5.031280469129382
2024-12-14,26.1,33.0,23.1,86.8,91.0,60,1.0,3.13749999999999,44.8,0.5927208333333329,0.27265158333333317,16.7,0.0,37.612236854797594,5.3055012929269845,2.6553982144111914,2.373083650847834,0.2154523294285713,4.423123333333335,5.031280469129382
2024-12-15,26.5,31.6,23.4,82.7,86.7083333333333,65,1.5,4.24166666666666,26.2,0.48959166666666604,0.22521216666666638,16.7,0.0,37.61548241376757,4.87253491237834,2.4386989638914214,2.523088177492653,0.17892197399999976,4.551416666666667,5.031280469129382
2024-12-16,26.2,32.1,24.3,85.0,87.9375,64,1.1,3.43541666666666,5.0,0.319827083333333,0.14712045833333318,16.7,0.0,37.61366173434539,4.720024848714252,2.362367826007571,2.17301165607803,0.11641248937499986,4.4556266666666655,5.031280469129382
2024-12-17,24.9,26.7,23.3,90.6,92.0416666666666,80,1.3,3.9375,8.2,0.226483333333333,0.10418233333333318,16.7,0.0,37.60922877575225,3.024207880243453,1.513613089853079,1.0998018798875027,0.08099820514285702,4.010723333333332,5.031280469129382
2024-12-18,26.2,30.4,23.0,86.3,89.4791666666666,71,0.8,2.35624999999999,8.4,0.39727083333333296,0.18274458333333318,16.7,0.0,37.61263265467198,4.597405843716649,2.300997133787104,1.6298333800749025,0.14460090803571413,4.4556266666666655,5.031280469129382
2024-12-19,26.7,30.7,24.9,84.0,86.9583333333333,65,1.5,4.02083333333333,3.4,0.444787499999999,0.20460224999999954,16.7,0.0,37.614453334094165,4.116407065165567,2.060257714987742,1.8769006043280199,0.16298284821428535,4.6138433333333335,5.031280469129382
2024-12-20,26.8,31.9,23.1,84.5,86.9375,66,0.9,2.67916666666666,4.0,0.33692500000000003,0.15498550000000003,16.7,0.0,37.614057534219775,5.081834320585903,2.543453113244398,2.0287166066493496,0.12362355835714285,4.6446266666666665,5.031280469129382
2024-12-21,28.4,33.8,24.0,79.9,83.625,52,1.4,3.70625,17.8,0.642329166666666,0.2954714166666664,16.7,0.0,37.61769889306414,5.555195157299804,2.780369749615403,2.6680315486196906,0.24070276146428538,5.0981733333333334,5.031280469129382
2024-12-22,28.4,33.5,25.7,79.0,81.5416666666666,57,0.9,3.05416666666666,0.2,0.45325,0.208495,16.7,0.0,37.618411332838036,4.956026091149965,2.4804862173079503,2.1300637228825035,0.16984831499999994,5.0981733333333334,5.031280469129382
2024-12-23,28.9,33.5,24.8,76.6,80.125,54,1.1,3.35,0.0,0.792633333333333,0.3646113333333332,16.7,0.0,37.6203111722351,5.290793533117532,2.6480369949938907,2.4175002029189288,0.29896317599999983,5.224856666666667,5.031280469129382
2024-12-24,28.2,33.2,26.5,81.5,84.2916666666666,62,1.0,3.6,0.0,0.574820833333333,0.2644175833333332,16.7,0.0,37.6164323334661,4.573403714884572,2.288984091753219,2.1445751491987797,0.21484339232142838,5.045493333333334,5.031280469129382
2024-12-25,26.6,32.1,23.7,88.5,90.7916666666666,66,0.9,3.19166666666666,13.6,0.416266666666666,0.19148266666666638,16.7,0.0,37.610891135224676,4.942730373691691,2.473831723708055,2.1764401939470273,0.15232862399999975,4.582773333333334,5.031280469129382
2024-12-26,26.0,29.5,24.1,89.6,92.1666666666666,74,1.0,2.82083333333333,23.4,0.275529166666666,0.12674341666666636,16.7,0.0,37.61002037550102,3.909446709815289,1.9566742593049242,1.4234745398320234,0.10001944917857118,4.3903333333333325,5.031280469129382
2024-12-27,26.7,30.5,24.6,87.0,89.8958333333333,69,1.1,3.40416666666666,15.8,0.42649375,0.19618712500000002,16.7,0.0,37.61207853484784,4.151741679481937,2.077942654936335,1.7355237093547153,0.1562794955357143,4.6138433333333335,5.031280469129382
2024-12-28,26.8,32.1,24.6,85.0,87.7083333333333,65,1.0,3.36666666666666,3.0,0.49158749999999996,0.22613024999999998,16.7,0.0,37.61366173434539,4.6914792257314755,2.34808076958959,2.125928557784409,0.18037188096428566,4.6446266666666665,5.031280469129382
2024-12-29,25.4,30.9,24.4,88.8,90.8333333333333,70,1.0,3.39166666666666,0.0,0.25708749999999997,0.11826025,16.7,0.0,37.61065365530005,4.230432133569335,2.1173271503380136,1.8646762050103671,0.0925713324642857,4.187573333333332,5.031280469129382
2024-12-30,25.9,31.5,23.5,88.6,91.2916666666666,62,1.0,3.40833333333333,5.4,0.566620833333333,0.2606455833333332,16.7,0.0,37.610811975249796,4.747563012147602,2.3761506499052047,2.11133592040155,0.20541138449999985,4.357256666666666,5.031280469129382
2024-12-31,27.3,33.3,23.8,82.4,85.5416666666666,54,1.4,3.35833333333333,8.6,0.7289,0.33529400000000004,16.7,0.0,37.6157198936922,5.339279448808565,2.6723041484336045,2.4468035116396885,0.2692265039999999,4.794243333333332,5.031280469129382
