;DEPARTAMENTO DE BIOSSISTEMAS - ESALQ - USP;;;;;;;;;;;;;;;;;;;;;;;;;;;;;;;;;;;;;;;;;;;;;
;"LOCAL: PIRACICABA (SP)   LAT: 22G42'30"" S    LONG: 47G38'00"" W    ALT: 546M";;;;;;;;;;;;;;;;;;;;;;;;;;;;;;;;;;;;;;;;;;;;;
;ESTACAO METEOROLOGICA AUTOMATICA - DADOS METEOROLOGICOS DIARIOS;;;;;;;;;;;;;;;;;;;;;;;;;;;;;;;;;;;;;;;;;;;;;
;;;;;;;;;;;;;;;;;;;;;;;;;;;;;;;;;;;;;;;;;;;;;;
---------;---------;---------;---------;---------;---------;---------;---------;---------;---------;---------;---------;---------;;;;;;;;;Thornthwaite/Thornthwaite-Camargo;;;Camargo;Pennan-Monteith;;;;;;;;Priestley-Taylor;;;;;;;;;;;;;
DIA;TMED;UR MED;Vento;TMAX;UR MAX;Vel.Vento;TMIN;UR MIN;Chuva;Rad.Glob.;Rad Liq;Patm_kPa;;Thornthwaite;Thornthwaite-Camargo;Camargo;Hargreaves & Samani;Priestley-Taylor;Penman-Monteith;;I;a;Tef;Q_0;T;UR;es_max;es_min;es;s;ea;delta_e;;Lat;Jan;Fev;Mar;Abr;Mai;Jun;Jul;Ago;Set;Out;Nov;Dez
1;25,1;66,0;2,1;32,7;84,6;5,8;19,8;39,0;0,0;23,25;12,30;94,8;;4,085873233;16,84887254;0,116308125;51,40602603;4,409735386;1,429583849;;121,6406979;0,605320975;13,986;13,89583333;6,475;22,79;3,87017584;1,957670976;0,956252432;0,065942617;0,217929929;0,738322503;0,7341;0;14,5;15;15,2;14,7;13,9;13,4;13,5;14,2;14,9;14,9;14,6;14,3
2;25,8;68,3;1,6;32,9;94,2;6,9;19,7;41,7;0,0;21,49;11,10;94,7;;4,313828433;16,9980797;0,119365208;53,14281262;4,016346517;1,184005291;;;;14,1912;13,89583333;6,57;26,255;3,897568732;1,952298299;0,972635216;0,067020118;0,255365376;0,71726984;0,7407;10;15,9;15,7;15;13,8;12,4;11,6;11,9;13;14,4;15,3;15,7;15,7
3;25,4;74,9;1,5;33,7;92,2;6,0;20,3;44,8;0,3;23,15;12,69;94,6;;4,197956433;17,19311395;0,117790347;52,93818942;4,571455069;1,483263414;;;;14,4612;13,89583333;6,695;23,695;4,061426531;2,014319112;1,02355371;0,070456447;0,242531051;0,781022658;0,7373;20;16,7;16;14,5;12,4;10,6;9,6;10;11,5;13,5;15,3;16,2;16,8
4;25,5;70,8;2,2;32,7;90,7;8,4;20,9;40,7;0,0;23,49;11,75;94,7;;4,228950933;15,92660781;0,118207222;49,87169266;4,237113632;1,040053249;;;;12,744;13,89583333;5,9;25;3,87017584;2,08486931;0,892653265;0,061848278;0,223163316;0,669489949;0,7382;30;17,2;15,7;13,5;10,8;8,5;7,4;7,8;9,6;12,2;14,7;16,7;17,6
5;25,7;65,4;2,1;33,7;93,1;7,4;19,2;34,4;0,0;26,75;13,08;94,7;;4,283478933;17,99703529;0,118948333;55,51509034;4,728931382;1,392666092;;;;15,5952;13,89583333;7,22;29,365;4,061426531;1,901374068;1,080026232;0,074024841;0,317149703;0,762876529;0,7398;;;;;;;;;;;;;
6;26,3;62,8;1,9;34,8;91,3;7,2;19,1;28,8;0,0;30,77;15,93;94,8;;4,491049233;18,90266927;0,121866458;59,23101322;5,807976397;1,812549995;;;;16,9128;13,89583333;7,83;31,24;4,294897731;1,89091256;1,201992586;0,081974884;0,375502484;0,826490102;0,7461;;;;;;;;;;;;;
7;27,1;64,9;1,5;36,8;92,7;7,9;19,9;28,5;0,6;28,66;14,96;94,7;;4,735256667;19,83754282;0,125525694;63,4913629;5,511147528;1,76046393;;;;18,3168;13,89583333;8,48;32,11;4,74558582;1,967374432;1,389105694;0,094235419;0,446041838;0,943063856;0,754;;;;;;;;;;;;;
8;27,1;68,3;1,2;35,0;97,8;6,1;21,3;38,1;0,2;21,85;10,69;94,8;;4,744177767;17,48683561;0,125664653;57,27290326;3,941072136;1,32789198;;;;14,8716;13,89583333;6,885;29,835;4,344260764;2,123835243;1,110212761;0,076302752;0,331231977;0,778980784;0,7543;;;;;;;;;;;;;
9;27,9;63,2;1,4;35,8;92,1;8,0;21,0;36,0;0,0;28,33;15,50;94,9;;4,950544167;18,29717893;0,128999653;61,03438669;5,767549218;1,658565085;;;;16,0272;13,89583333;7,42;28,075;4,51535741;2,090560051;1,21239868;0,08296186;0,340380929;0,87201775;0,7615;;16,3;15,85;14,75;13,1;11,5;10,6;10,95;12,25;13,95;15,3;15,95;16,25
10;27,0;68,7;1,6;34,7;95,4;6,4;20,8;40,2;1,0;25,42;13,75;94,9;;4,708338567;17,59424022;0,125108819;57,30870357;5,05756615;1,600816942;;;;15,0228;13,89583333;6,955;27,59;4,271462222;2,06900731;1,101227456;0,075641836;0,303828655;0,797398801;0,7531;;;;;;;;;;;;;
11;25,4;83,3;1,6;33,6;99,4;9,6;22,3;44,4;5,0;21,38;10,45;94,8;;4,197956433;15,52292772;0,117790347;48,65305299;3,765205953;0,865301465;;;;12,2148;13,89583333;5,655;27,5;4,041128342;2,243371184;0,898878579;0,062405275;0,247191609;0,65168697;0,7373;;;;;;;;;;;;;
12;24,2;91,6;1,0;29,9;98,3;5,8;22,0;63,3;8,2;13,03;4,31;94,8;;3,743468933;12,50189044;0,112000417;38,68806182;1,526865668;0,625771411;;;;8,5428;13,89583333;3,955;17,52;3,351244103;2,208461212;0,571391446;0,040230279;0,100107781;0,471283664;0,7248;;;;;;;;;;;;;
13;24,6;79,9;2,4;29,4;98,2;6,7;20,9;59,3;0,0;19,00;10,42;95,0;;3,886371733;13,00244834;0,113760556;40,59121216;3,709079961;0,936825896;;;;9,1152;13,89583333;4,22;19,46;3,261117924;2,08486931;0,588124307;0,041317581;0,11444899;0,473675317;0,7286;;;;;;;;;;;;;
14;26,2;70,4;1,3;33,7;92,4;5,2;19,8;44,8;0,0;27,69;16,64;95,0;;4,455626667;17,64014007;0,121356944;55,70984232;6,057967117;2,085125666;;;;15,0876;13,89583333;6,985;23,815;4,071608844;1,956595406;1,057506719;0,072620877;0,251845225;0,805661494;0,745;;;;;;;;;;;;;
15;27,2;73,4;1,7;32,6;96,6;6,4;23,0;49,9;0,0;27,08;15,91;95,0;;4,761942567;14,04772577;0,125942569;47,90170215;5,866749997;1,50029121;;;;10,3572;13,89583333;4,795;23,365;3,84295066;2,332139123;0,755405769;0,052817837;0,176500558;0,578905211;0,7549;;;;;;;;;;;;;
16;28,5;67,0;1,4;35,9;99,5;6,0;21,9;38,0;0,0;24,52;13,11;95,0;;5,124083333;17,67833054;0,132010417;60,70875152;4,91964819;1,663956312;;;;15,1416;13,89583333;7,01;30,75;4,546679016;2,202490535;1,17209424;0,080473335;0,360418979;0,811675261;0,768;;;;;;;;;;;;;
17;28,6;67,6;1,7;37,2;96,3;6,8;22,4;36,5;0,0;22,97;11,73;95,0;;5,157337767;18,25236282;0,132612569;62,61681881;4,408182899;1,466297223;;;;15,9624;13,89583333;7,39;29,92;4,83480899;2,261616754;1,286596118;0,088060622;0,384949558;0,901646559;0,7693;;;;;;;;;;;;;
18;28,5;70,5;1,6;37,5;100,0;11,2;21,2;34,9;49,3;27,70;14,20;94,9;;5,124083333;19,42407277;0,132010417;65,61970046;5,327342833;1,369358321;;;;17,6904;13,89583333;8,19;32,54;4,918273415;2,113459205;1,402407105;0,09536268;0,456343272;0,946063833;0,768;;;;;;;;;;;;;
19;25,1;84,2;1,2;34,7;100,0;10,8;21,1;46,2;9,9;22,93;12,09;94,9;;4,096505733;17,34038028;0,116447083;52,70448733;4,337189116;1,01371564;;;;14,6664;13,89583333;6,79;26,89;4,273588118;2,107713933;1,082937093;0,074486095;0,291201784;0,791735308;0,7344;;;;;;;;;;;;;
20;24,4;86,6;1,8;31,1;100,0;6,3;20,6;60,8;23,9;19,06;10,07;94,7;;3,830457233;14,79732085;0,113065764;44,89090486;3,578040549;1,035839639;;;;11,286;13,89583333;5,225;19,62;3,563364526;2,053251052;0,755056737;0,052606392;0,148142132;0,606914605;0,7271;;;;;;;;;;;;;
21;24,6;80,8;2,0;31,1;100,0;8,2;20,7;49,4;0,8;25,95;13,27;94,8;;3,882664167;14,72004648;0,113714236;44,95353087;4,72326476;1,077756838;;;;11,1888;13,89583333;5,18;25,32;3,563364526;2,063367967;0,74999828;0,052273355;0,189899564;0,560098715;0,7285;;;;;;;;;;;;;
22;24,3;73,3;2,7;29,7;92,5;7,2;19,7;50,5;0,0;21,68;9,82;95,0;;3,785261233;14,43441147;0,112509931;43,76333561;3,483739643;0,882505332;;;;10,8324;13,89583333;5,015;20,99;3,327228726;1,952298299;0,687465213;0,047980203;0,144298948;0,543166265;0,7259;;;;;;;;;;;;;
23;19,8;92,3;2,4;21,6;99,7;6,8;17,7;79,2;22,1;4,58;-1,40;94,9;;1,787346267;8,186323486;0,091619861;22,30771037;-0,464572882;0,676765894;;;;4,2444;13,89583333;1,965;10,235;2,162263146;1,741872216;0,210195465;0,015046551;0,021513506;0,188681959;0,6808;;;;;;;;;;;;;
24;21,7;75,7;2,3;28,1;97,3;8,3;16,5;55,2;0,0;21,21;9,91;94,7;;2,686510833;15,69676201;0,100281597;41,80387833;3,387344571;0,803783777;;;;12,4416;13,89583333;5,76;21,06;3,0505309;1,63695208;0,70678941;0,049026964;0,14884985;0,55793956;0,6995;;;;;;;;;;;;;
25;20,7;76,2;2,6;27,0;95,9;8,5;16,4;54,7;0,0;16,39;7,48;94,7;;2,256668433;14,97661333;0,096020208;38,50439814;2,522373276;0,606390507;;;;11,5128;13,89583333;5,33;20,585;2,887979939;1,619559785;0,634210077;0,044148515;0,130552144;0,503657933;0,6903;;;;;;;;;;;;;
26;21,2;74,8;2,5;28,8;94,4;7,4;16,0;48,0;0,0;21,54;10,95;94,8;;2,474622567;16,73837692;0,098150903;43,14574342;3,71768363;1,004431149;;;;13,8348;13,89583333;6,405;23,19;3,174753145;1,589737155;0,792507995;0,054682294;0,183782604;0,608725391;0,6949;;;;;;;;;;;;;
27;23,0;74,8;1,4;30,3;97,1;6,7;16,5;48,0;0,0;24,57;11,96;94,8;;3,260860433;17,48683561;0,106395764;48,49091735;4,163140754;1,233846628;;;;14,8716;13,89583333;6,885;24,555;3,425952761;1,63695208;0,894500341;0,06147726;0,219644559;0,674855782;0,7127;;;;;;;;;;;;;
28;21,7;85,2;1,0;28,3;100,0;6,1;17,0;55,1;5,8;19,74;9,77;94,9;;2,686510833;15,53953794;0,100281597;41,45770821;3,338369268;1,014055845;;;;12,2364;13,89583333;5,665;22,43;3,088786529;1,676919786;0,705933372;0,049005885;0,158340855;0,547592517;0,6995;;;;;;;;;;;;;
29;22,1;88,6;1,1;29,8;100,0;8,7;16,5;51,8;7,9;17,50;7,98;94,7;;2,874676433;17,0840736;0,102227014;45,70278938;2,744281771;0,707252689;;;;14,31;13,89583333;6,625;24,105;3,33578837;1,63695208;0,849418145;0,058503367;0,204752244;0,644665901;0,7037;;;;;;;;;;;;;
30;25,4;72,4;1,1;33,3;100,0;5,6;17,9;33,2;0,3;26,87;14,91;94,8;;4,201411733;18,67527067;0,117836667;56,70269904;5,370096854;1,887113844;;;;16,578;13,89583333;7,675;33,38;3,982761843;1,769251842;1,106755;0,075575306;0,369434819;0,737320181;0,7374;;;;;;;;;;;;;
31;23,5;81,6;1,2;33,7;99,0;8,4;18,7;34,8;1,5;18,22;9,48;95,0;;3,465373767;18,43120014;0,108711736;51,74644164;3,324418395;0,973865973;;;;16,2216;13,89583333;7,51;32,095;4,071608844;1,846500499;1,112554172;0,076073748;0,357074262;0,755479911;0,7177;;;;;;;;;;;;;
32;22,7;78,7;1,5;30,9;100,0;8,3;17,1;39,3;0,0;21,70;10,69;95,2;;3,130463067;17,52524366;0,104959861;47,92326093;3,707207762;0,984569943;;;;14,9256;13,89583333;6,91;30,355;3,529019174;1,686336329;0,921341423;0,063309031;0,279673189;0,641668234;0,7096;;;;;;;;;;;;;
33;23,4;77,9;1,3;29,5;97,2;4,6;18,5;55,7;0,0;19,25;9,35;95,3;;3,441210567;15,21351624;0,108433819;44,04965482;3,276875416;1,227034443;;;;11,8152;13,89583333;5,47;20,74;3,277959288;1,827169544;0,725394872;0,050437831;0,150446896;0,574947975;0,7171;;;;;;;;;;;;;
34;23,0;82,4;1,0;27,4;100,0;9,2;18,2;60,2;0,0;9,89;3,80;95,3;;3,269178567;13,71710572;0,106488403;39,7133814;1,323052744;0,360052582;;;;9,9576;13,89583333;4,61;19,915;2,94591288;1,793019612;0,576446634;0,040366716;0,114799347;0,461647287;0,7129;;;;;;;;;;;;;
35;23,5;74,2;1,2;27,8;93,9;5,3;19,1;56,8;0,0;12,18;5,62;95,2;;3,481425233;13,23423953;0,108897014;39,4271107;1,973172008;0,786711655;;;;9,3852;13,89583333;4,345;18,575;3,012689228;1,89091256;0,560888334;0,039363412;0,104185008;0,456703326;0,7181;;;;;;;;;;;;;
36;25,3;66,3;1,0;32,8;96,8;4,4;18,5;38,2;0,0;24,68;14,08;95,1;;4,156269233;17,89121196;0,117234514;54,44933735;5,06334255;1,979264168;;;;15,444;13,89583333;7,15;29,285;3,879939718;1,822112023;1,028913848;0,070562;0,30131742;0,727596428;0,7361;;;;;;;;;;;;;
37;26,3;69,2;1,4;32,9;99,0;5,1;19,6;43,6;0,0;25,84;14,72;95,2;;4,474991067;17,12306855;0,121634861;54,48199187;5,361478076;1,84705699;;;;14,364;13,89583333;6,65;27,695;3,899531807;1,936257676;0,981637066;0,067596041;0,271864385;0,70977268;0,7456;;;;;;;;;;;;;
38;26,0;76,4;0,9;32,5;98,4;4,7;20,3;51,3;0,0;18,90;9,79;95,0;;4,383740933;16,20283229;0,120337917;51,49688088;3,551115399;1,329031922;;;;13,1112;13,89583333;6,07;23,56;3,823606304;2,019840936;0,901882684;0,062400478;0,21248356;0,689399123;0,7428;;;;;;;;;;;;;
39;26,9;68,8;1,3;34,3;97,6;6,2;20,6;31,6;0,0;28,77;16,46;94,9;;4,669046933;17,3867162;0,124506667;56,47664434;6,044677564;1,908379806;;;;14,7312;13,89583333;6,82;32,985;4,183000845;2,052129635;1,065435605;0,073264306;0,351433934;0,714001671;0,7518;;;;;;;;;;;;;
40;27,5;67,5;1,3;34,7;95,8;7,6;21,5;35,9;0,0;26,38;15,32;95,0;;4,857804267;17,0840736;0,127471111;56,98870701;5,675658412;1,583333885;;;;14,31;13,89583333;6,625;29,96;4,284231405;2,151722944;1,06625423;0,073437874;0,319449767;0,746804463;0,7582;;;;;;;;;;;;;
41;27,7;64,8;1,7;35,7;97,5;6,8;20,7;29,7;0,0;27,34;14,84;95,1;;4,903158933;18,40147268;0,128212222;60,94729389;5,507116626;1,75992408;;;;16,1784;13,89583333;7,49;33,925;4,493099794;2,063367967;1,214865914;0,08308315;0,412143261;0,802722652;0,7598;;;;;;;;;;;;;
42;27,6;64,3;1,1;34,9;98,3;5,5;20,0;33,3;0,0;27,88;15,91;95,2;;4,891889067;18,3344711;0,128026944;60,67612292;5,902734901;2,074728665;;;;16,0812;13,89583333;7,445;32,51;4,32488637;1,987997935;1,168444217;0,079937816;0,379861215;0,788583002;0,7594;;;;;;;;;;;;;
43;27,8;66,6;1,2;33,5;94,4;6,0;22,9;42,5;0,0;23,88;14,06;95,3;;4,925561067;14,89141151;0,128582778;51,31967008;5,224588629;1,4961686;;;;11,4048;13,89583333;5,28;25,94;4,024953391;2,325876937;0,849538227;0,059162279;0,220370216;0,629168011;0,7606;;;;;;;;;;;;;
44;27,7;69,5;1,4;35,8;100,0;10,0;21,3;36,3;49,3;26,11;15,68;95,2;;4,894710833;18,00457856;0,128073264;59,79453516;5,817320051;1,45339837;;;;15,606;13,89583333;7,225;31,84;4,504216654;2,12961895;1,187298852;0,081373963;0,378035954;0,809262897;0,7595;;;;;;;;;;;;;
45;23,7;91,3;1,0;28,9;100,0;5,0;20,6;67,0;17,3;13,70;6,34;95,2;;3,557043333;12,86207235;0,109777083;38,82022482;2,22882553;0,878877334;;;;8,9532;13,89583333;4,145;16,505;3,182969863;2,048768602;0,56710063;0,039865356;0,093599959;0,473500671;0,72;;;;;;;;;;;;;
46;22,1;91,3;1,5;24,7;99,9;4,9;20,1;77,4;0,3;7,46;2,74;95,2;;2,901144433;9,02843244;0,102504931;27,06043892;0,943539691;1,001526542;;;;4,9896;13,89583333;2,31;11,255;2,558092916;1,993456538;0,282318189;0,020151201;0,031774912;0,250543277;0,7043;;;;;;;;;;;;;
47;22,6;88,0;1,2;28,3;99,7;5,0;19,3;61,3;0,8;17,94;9,07;95,0;;3,092089767;13,49984511;0,104542986;38,47708496;3,141786275;1,094132626;;;;9,6984;13,89583333;4,49;19,2;3,080782282;1,905572847;0,587604717;0,041188934;0,112820106;0,474784612;0,7087;;;;;;;;;;;;;
48;23,8;82,8;1,4;29,5;98,4;6,2;20,0;60,7;0,0;20,27;11,48;94,8;;3,600349233;14,01222881;0,110286597;41,85944984;4,043529784;1,100300254;;;;10,314;13,89583333;4,775;18,84;3,286408365;1,978205428;0,654101468;0,045742216;0,123232717;0,530868752;0,7211;;;;;;;;;;;;;
49;23,5;84,3;1,3;31,2;100,0;8,7;19,2;48,2;8,6;24,66;13,69;94,7;;3,473405233;16,0894674;0,108804375;46,29201388;4,801974991;1,130505621;;;;12,96;13,89583333;6;25,905;3,581557692;1,896136993;0,842710349;0,058339951;0,218304116;0,624406233;0,7179;;;;;;;;;;;;;
50;23,1;85,4;1,0;31,5;100,0;7,0;18,6;47,8;0,3;26,07;15,14;94,5;;3,306468267;16,80946419;0,106905278;47,15883789;5,281140442;1,484879572;;;;13,932;13,89583333;6,45;26,09;3,632929638;1,832239364;0,900345137;0,062100018;0,234900046;0,665445091;0,7138;;;;;;;;;;;;;
51;23,5;87,0;1,0;29,5;99,8;7,1;19,5;58,9;8,6;16,20;7,72;94,3;;3,489433767;14,33837852;0,108989653;42,16093155;2,709695074;0,743781451;;;;10,7136;13,89583333;4,96;20,43;3,277959288;1,933063441;0,672447924;0,046953415;0,137381111;0,535066813;0,7183;;;;;;;;;;;;;
52;23,3;86,8;1,3;29,7;100,0;5,6;19,2;58,5;7,4;17,97;8,35;94,4;;3,408832433;14,89141151;0,108063264;43,12996769;2,92204548;0,963868481;;;;11,4048;13,89583333;5,28;20,75;3,327228726;1,896136993;0,715545866;0,049830982;0,148475767;0,567070099;0,7163;;;;;;;;;;;;;
53;24,5;83,3;0,7;30,9;100,0;3,7;19,1;54,1;0,3;21,51;10,43;94,6;;3,867805233;15,93477654;0,113528958;47,91822197;3,711308495;1,587095361;;;;12,7548;13,89583333;5,905;22,94;3,529019174;1,885700742;0,821659216;0,056927051;0,188488624;0,633170592;0,7281;;;;;;;;;;;;;
54;25,1;84,9;1,1;31,4;100,0;6,6;21,3;57,1;0,5;17,84;8,55;95,0;;4,075214933;14,55603615;0,116169167;45,50094782;3,064981784;0,880961475;;;;10,9836;13,89583333;5,085;21,47;3,625551729;2,123835243;0,750858243;0,052374324;0,161209265;0,589648978;0,7338;;;;;;;;;;;;;
55;24,2;93,7;0,7;29,5;100,0;4,7;21,6;72,8;15,8;8,56;2,08;95,3;;3,732010833;12,41559126;0,111861458;38,41960951;0,7378625;0,607962675;;;;8,4456;13,89583333;3,91;13,58;3,277959288;2,168138313;0,554910488;0,039084474;0,075356844;0,479553644;0,7245;;;;;;;;;;;;;
56;26,6;78,3;1,4;33,7;100,0;6,6;20,8;45,8;0,3;25,68;13,94;95,3;;4,595235733;16,83311642;0,123395;54,49616206;5,103730161;1,517729668;;;;13,9644;13,89583333;6,465;27,08;4,065496795;2,067878363;0,998809216;0,068882959;0,270477536;0,72833168;0,7494;;;;;;;;;;;;;
57;26,5;75,6;1,8;32,5;96,5;6,0;21,6;50,4;0,0;20,83;10,67;95,2;;4,535630833;15,13763268;0,122514931;49,56475689;3,895171563;1,176842199;;;;11,718;13,89583333;5,425;23,07;3,82746838;2,169315021;0,829076679;0,057668364;0,19126799;0,63780869;0,7475;;;;;;;;;;;;;
58;27,1;77,5;1,0;34,2;99,9;7,3;21,1;48,8;3,3;21,35;11,43;94,9;;4,729294933;16,97457757;0,125433056;55,78050487;4,209786445;1,207295525;;;;14,1588;13,89583333;6,555;25,545;4,162174997;2,100837654;1,030668672;0,071027692;0,263284312;0,767384359;0,7538;;;;;;;;;;;;;
59;27,8;77,3;1,2;34,1;99,7;7,4;22,9;48,1;0,0;22,56;12,49;94,8;;4,942242267;15,37291045;0,128860694;52,8003915;4,645153426;1,217564234;;;;12,0204;13,89583333;5,565;25,805;4,141439383;2,325876937;0,907781223;0,063070066;0,234252945;0,673528279;0,7612;;;;;;;;;;;;;
60;27,4;78,8;1,1;34,2;100,0;9,3;21,1;46,3;28,5;21,22;12,00;94,9;;4,826197233;17,00590904;0,126961597;56,54632003;4,440233937;1,080621918;;;;14,202;13,89583333;6,575;26,84;4,172576621;2,101982335;1,035297143;0,071334957;0,277873753;0,75742339;0,7571;;;;;;;;;;;;;
61;24,2;87,3;1,1;31,9;100,0;8,8;20,3;54,3;3,6;21,39;10,97;94,9;;3,743468933;15,73796625;0,112000417;46,79025487;3,885193505;0,922448654;;;;12,4956;13,89583333;5,785;22,87;3,707430875;2,015422418;0,846004228;0,058671632;0,193481167;0,652523061;0,7248;;;;;;;;;;;;;
62;25,1;72,1;1,9;31,3;96,0;5,9;19,4;45,3;0,0;26,88;13,57;94,9;;4,068095067;16,04885359;0,116076528;49,28303602;4,864794705;1,467162644;;;;12,906;13,89583333;5,975;25,375;3,607164018;1,916105351;0,845529334;0,058547138;0,214553068;0,630976265;0,7336;;;;;;;;;;;;;
63;25,3;70,8;1,1;33,0;100,0;4,9;17,9;34,2;0,0;27,03;14,52;94,8;;4,163245767;18,50538242;0,117327153;56,03295421;5,224872357;1,952595975;;;;16,3296;13,89583333;7,56;32,885;3,929081366;1,765317516;1,081881925;0,073946246;0,355776871;0,726105054;0,7363;;;;;;;;;;;;;
64;26,3;77,2;1,0;33,5;100,0;5,9;19,6;43,1;0,0;24,98;14,14;94,8;;4,484634567;17,64014007;0,121773819;55,90121201;5,153551352;1,690021623;;;;15,0876;13,89583333;6,985;28,465;4,035056121;1,937323448;1,048866337;0,072027526;0,298559803;0,750306534;0,7459;;;;;;;;;;;;;
65;26,2;80,5;1,4;33,3;100,0;6,6;21,5;49,7;29,2;23,60;13,80;94,9;;4,449148933;15,89390555;0,121264306;51,07468984;5,021898205;1,435501569;;;;12,7008;13,89583333;5,88;25,145;3,986763437;2,157573047;0,914595195;0,063378968;0,229974962;0,684620233;0,7448;;;;;;;;;;;;;
66;24,7;83,1;1,5;30,4;100,0;6,0;20,5;57,4;1,5;18,95;9,87;95,0;;3,923289733;14,34712609;0,11422375;44,20792506;3,518526287;1,031834443;;;;10,7244;13,89583333;4,965;21,3;3,443533403;2,036486009;0,703523697;0,049121241;0,149850547;0,553673149;0,7296;;;;;;;;;;;;;
67;26,1;77,6;1,7;32,4;97,1;5,1;20,8;51,4;0,0;20,19;10,80;95,2;;4,410041733;15,72973103;0,120708472;50,4064095;3,925006364;1,344183134;;;;12,4848;13,89583333;5,78;22,84;3,806268907;2,07466014;0,865804383;0,060047272;0,197749721;0,668054662;0,7436;;;;;;;;;;;;;
68;26,0;81,4;1,1;32,9;100,0;10,4;21,3;51,3;40,4;18,70;10,40;95,1;;4,373830833;15,76265507;0,120198958;50,28040783;3,771471641;0,79585112;;;;12,528;13,89583333;5,8;24,36;3,897568732;2,123835243;0,886866744;0,061497917;0,216040739;0,670826005;0,7425;;;;;;;;;;;;;
69;23,9;94,7;0,9;31,4;100,0;6,8;21,6;63,8;13,7;13,16;5,40;94,9;;3,635523333;14,22434146;0,110703472;42,54237013;1,905415855;0,601717231;;;;10,5732;13,89583333;4,895;18,115;3,616347696;2,162263146;0,727042275;0,050792697;0,131703708;0,595338567;0,722;;;;;;;;;;;;;
70;25,1;88,4;1,2;30,8;100,0;4,8;21,8;63,7;0,3;15,43;8,25;94,9;;4,068095067;13,58158327;0,116076528;42,93556132;2,95740941;1,063970029;;;;9,7956;13,89583333;4,535;18,165;3,520028995;2,184663157;0,667682919;0,046784707;0,121284602;0,546398317;0,7336;;;;;;;;;;;;;
71;25,2;72,8;2,0;31,4;96,4;5,9;20,3;46,0;0,0;25,87;12,10;95,2;;4,114169233;15,33944358;0,116678681;47,7228504;4,343430904;1,304425854;;;;11,9772;13,89583333;5,545;25,215;3,616347696;2,014319112;0,801014292;0,055661369;0,201975754;0,599038538;0,7349;;;;;;;;;;;;;
72;24,7;75,3;1,5;33,2;99,0;6,3;17,2;51,7;0,0;25,48;12,54;95,1;;3,930638933;19,17900643;0,114316389;56,23151341;4,47218942;1,504357825;;;;17,3232;13,89583333;8,02;23,655;3,968783771;1,695799211;1,13649228;0,077387806;0,268837249;0,867655031;0,7298;;;;;;;;;;;;;
73;26,6;75,3;1,1;34,9;92,7;3,8;19,7;42,1;0,0;25,68;12,43;94,9;;4,595235733;18,52759932;0,123395;58,98926321;4,551063377;1,994764691;;;;16,362;13,89583333;7,575;25,295;4,307727793;1,951225315;1,178251239;0,080523188;0,298038651;0,880212588;0,7494;;;;;;;;;;;;;
74;27,6;75,7;0,9;35,7;99,6;9,4;22,1;44,3;2,8;23,55;11,94;95,0;;4,883406567;17,35583455;0,127887986;57,92530053;4,429325337;1,13279092;;;;14,688;13,89583333;6,8;27,645;4,495321257;2,225254505;1,135033376;0,078062962;0,313779977;0,821253399;0,7591;;;;;;;;;;;;;
75;28,3;71,2;0,9;35,9;100,0;4,9;21,2;34,6;0,0;24,43;13,54;94,8;;5,058770833;18,19249614;0,130852431;61,6182776;5,064948007;1,932987554;;;;15,876;13,89583333;7,35;32,71;4,53771078;2,118065287;1,209822746;0,082832975;0,39573302;0,814089726;0,7655;;;;;;;;;;;;;
76;28,1;72,2;0,9;35,6;99,3;4,2;21,5;37,7;0,0;23,09;13,12;94,6;;5,021413233;17,75455059;0,130203958;60,09116569;4,89846224;2,001250759;;;;15,2496;13,89583333;7,06;30,82;4,475362414;2,152891853;1,16123528;0,079695159;0,357892713;0,803342567;0,7641;;;;;;;;;;;;;
77;26,6;77,3;1,2;34,9;100,0;7,8;21,7;50,1;20,1;19,86;10,43;94,8;;4,582773333;17,01373603;0,123209722;54,89616627;3,815510004;1,086048954;;;;14,2128;13,89583333;6,58;24,94;4,307727793;2,175206948;1,066260423;0,073465404;0,265925349;0,800335073;0,749;;;;;;;;;;;;;
78;27,6;69,0;1,9;32,4;100,0;4,0;22,9;48,0;0,0;20,06;12,66;94,8;;4,880573333;13,96777498;0,127841667;48,39531484;4,693774686;1,748978998;;;;10,26;13,89583333;4,75;26;3,810115736;2,322126688;0,743994524;0,052039309;0,193438576;0,550555948;0,759;;;;;;;;;;;;;
79;27,2;67,0;1,9;31,8;92,8;7,2;23,6;58,3;0,0;21,50;12,50;94,7;;4,764893333;12,81505802;0,125988889;44,41860803;4,610892857;1,036356719;;;;8,8992;13,89583333;4,12;17,27;3,696171591;2,405865171;0,64515321;0,045361596;0,111417959;0,533735251;0,755;;;;;;;;;;;;;
80;25,3;90,4;0,5;33,1;100,0;7,8;22,5;54,1;7,4;15,96;7,63;94,6;;4,166729733;14,97661333;0,117373472;47,06712247;2,743610246;0,740022623;;;;11,5128;13,89583333;5,33;22,97;3,948889151;2,266504107;0,841192522;0,058556938;0,193221922;0,6479706;0,7364;;;;;;;;;;;;;
81;27,1;79,8;1,2;33,9;100,0;7,8;21,9;49,6;2,3;21,28;12,39;94,6;;4,723321733;16,08134999;0,125340417;53,30522964;4,562641207;1,194368695;;;;12,9492;13,89583333;5,995;25,18;4,102289141;2,197724167;0,952282487;0,065928225;0,23978473;0,712497756;0,7536;;;;;;;;;;;;;
82;22,4;91,3;2,7;25,3;100,0;8,1;19,2;72,9;14,2;7,25;1,54;95,1;;2,997310833;10,68236088;0,103523958;31,40327048;0,533146672;0,359954731;;;;6,588;13,89583333;3,05;13,53;2,643603502;1,901374068;0,371114717;0,026326424;0,050211821;0,320902896;0,7065;;;;;;;;;;;;;
83;19,7;87,5;2,9;22,2;98,3;7,7;18,2;70,9;10,4;6,08;0,24;95,3;;1,731332433;8,186323486;0,091110347;22,18365334;0,0807028;0,5947817;;;;4,2444;13,89583333;1,965;13,69;2,230073061;1,798006305;0,216033378;0,015464449;0,029574969;0,186458409;0,6797;;;;;;;;;;;;;
84;20,0;95,7;1,0;23,3;100,0;4,8;17,8;86,7;11,7;6,42;1,50;95,2;;1,898333333;10,05545924;0,092638889;26,73203182;0,500923509;0,870664838;;;;5,9616;13,89583333;2,76;6,65;2,373840566;1,755515236;0,309162665;0,021984642;0,020559317;0,288603348;0,683;;;;;;;;;;;;;
85;23,6;80,6;1,2;29,9;100,0;5,2;17,8;54,3;0,0;22,73;12,82;94,9;;3,509404933;16,16240436;0,10922125;46,64331257;4,501638659;1,466393861;;;;13,0572;13,89583333;6,045;22,855;3,359857559;1,760410395;0,799723582;0,055343549;0,182776825;0,616946757;0,7188;;;;;;;;;;;;;
86;22,9;81,4;1,5;27,3;93,6;5,6;19,3;65,1;0,0;10,35;4,67;95,1;;3,227473233;12,60684271;0,106025208;36,87783456;1,625143176;0,683943599;;;;8,6616;13,89583333;4,01;14,265;2,938232654;1,910832742;0,513699956;0,036151876;0,073279299;0,440420657;0,7119;;;;;;;;;;;;;
87;21,8;85,6;1,7;24,8;99,1;5,0;19,7;71,0;1,3;7,52;2,72;95,3;;2,754293333;9,51670399;0,100976389;27,84224153;0,932038124;0,937783689;;;;5,4432;13,89583333;2,52;14,035;2,563535869;1,952298299;0,305618785;0,021776155;0,042893596;0,262725188;0,701;;;;;;;;;;;;;
88;21,2;96,4;0,7;23,9;100,0;3,4;19,3;84,9;5,1;8,43;1,61;95,3;;2,460593067;9,087452852;0,098011944;26,01396422;0,545195114;1,614746662;;;;5,0436;13,89583333;2,335;7,55;2,455265931;1,905572847;0,274846542;0,0196138;0,020750914;0,254095628;0,6946;;;;;;;;;;;;;
89;22,8;86,3;0,5;27,3;100,0;2,9;19,5;64,2;0,0;11,84;6,57;95,3;;3,177048433;12,46358336;0,105469375;36,33982501;2,279906547;1,612801334;;;;8,4996;13,89583333;3,935;17,925;2,938232654;1,926688814;0,50577192;0,035616073;0,090659617;0,415112303;0,7107;;;;;;;;;;;;;
90;24,4;79,2;1,2;30,7;100,0;5,4;19,4;46,9;0,0;20,62;11,79;95,1;;3,830457233;15,4563706;0,113065764;46,53611161;4,187632879;1,348169122;;;;12,1284;13,89583333;5,615;26,555;3,486048007;1,921390699;0,782328654;0,054331604;0,207747374;0,57458128;0,7271;;;;;;;;;;;;;
91;24,3;70,1;1,0;31,9;100,0;4,2;16,7;36,4;0,0;21,39;10,92;95,0;;3,804143067;18,56458893;0,112741528;53,98521095;3,876390722;1,643558999;;;;16,416;13,89583333;7,6;31,79;3,722489701;1,655436545;1,033526578;0,070618101;0,328558099;0,704968479;0,7264;;;;;;;;;;;;;
92;24,6;67,0;0,7;31,9;99,6;3,3;17,7;35,7;0,0;20,60;11,15;94,9;;3,890076433;17,7469382;0,113806875;52,50505264;3,970353784;1,898132222;;;;15,2388;13,89583333;7,055;31,93;3,705552257;1,750632014;0,977460122;0,067085482;0,312103017;0,665357105;0,7287;;;;;;;;;;;;;
93;25,0;70,6;0,6;31,9;98,7;3,2;20,4;39,2;0,0;16,05;8,56;94,8;;4,053820933;15,72973103;0,11589125;48,39479531;3,065515168;1,57254681;;;;12,4848;13,89583333;5,78;29,735;3,722489701;2,025376009;0,848556846;0,05885108;0,252318378;0,596238468;0,7332;;;;;;;;;;;;;
94;25,3;71,8;0,9;33,1;99,1;4,0;18,3;42,1;0,0;19,79;10,19;94,9;;4,142281767;18,21496117;0,117049236;55,17458182;3,663005128;1,609464523;;;;15,9084;13,89583333;7,365;28,5;3,93699408;1,80801617;1,064488955;0,072873465;0,303379352;0,761109603;0,7357;;;;;;;;;;;;;
95;26,9;72,3;1,1;34,5;99,9;5,5;20,1;40,1;0,0;21,09;11,97;95,0;;4,662959067;17,93661465;0,124414028;57,90494629;4,395977149;1,566028202;;;;15,5088;13,89583333;7,18;29,89;4,222819735;1,993456538;1,114681598;0,076425117;0,33317833;0,781503269;0,7516;;;;;;;;;;;;;
96;26,8;68,4;1,3;33,1;95,8;5,8;20,8;40,9;0,0;19,30;10,06;95,0;;4,635421767;16,32372359;0,123997153;53,38960988;3,689653265;1,207968215;;;;13,2732;13,89583333;6,145;27,45;3,948889151;2,07466014;0,937114505;0,064798193;0,257237932;0,679876574;0,7507;;;;;;;;;;;;;
97;23,6;76,5;2,2;30,2;96,1;7,5;18,4;51,0;0,0;20,23;9,67;95,1;;3,513390567;15,92660781;0,109267569;46,10004819;3,395140941;0,901599488;;;;12,744;13,89583333;5,9;22,55;3,410197104;1,818074843;0,796061131;0,055155806;0,179511785;0,616549346;0,7189;;;;;;;;;;;;;
98;24,5;73,8;0,8;32,1;100,0;4,0;17,2;45,7;0,0;20,40;10,81;95,1;;3,867805233;18,39403592;0,113528958;53,94940339;3,846179534;1,666634586;;;;16,1676;13,89583333;7,485;27,17;3,760369975;1,695799211;1,032285382;0,070599582;0,280471938;0,751813444;0,7281;;;;;;;;;;;;;
99;22,7;88,2;0,6;27,4;100,0;3,5;19,9;59,3;1,3;6,45;16,35;95,0;;3,160148433;12,18352181;0,105284097;35,60135055;5,673977871;2,150445441;;;;8,1864;13,89583333;3,79;20,34;2,953610618;1,968455189;0,492577714;0,034728683;0,100190307;0,392387407;0,7103;;;;;;;;;;;;;
100;23,4;83,4;1,1;29,9;100,0;5,0;19,9;57,7;3,6;16,58;8,93;95,0;;3,429090267;14,43441147;0,108294861;42,12378701;3,126047662;1,108489187;;;;10,8324;13,89583333;5,015;21,16;3,351244103;1,967374432;0,691934836;0,048292151;0,146413411;0,545521424;0,7168;;;;;;;;;;;;;
101;25,1;78,1;0,8;31,8;100,0;3,6;18,9;46,6;0,3;19,76;10,67;94,9;;4,068095067;16,74628522;0,116076528;51,04550611;3,823804106;1,685348984;;;;13,8456;13,89583333;6,41;26,69;3,688681953;1,871174545;0,908753704;0,062700564;0,242546364;0,66620734;0,7336;;;;;;;;;;;;;
102;24,9;80,3;1,5;31,1;98,2;7,1;21,4;52,1;0,0;14,12;7,48;95,0;;4,017934933;14,0920149;0,115428056;44,01685305;2,677587889;0,744866936;;;;10,4112;13,89583333;4,82;23,035;3,563364526;2,145886727;0,7087389;0,049544665;0,163258006;0,545480894;0,7322;;;;;;;;;;;;;
103;25,0;76,8;1,6;31,2;92,1;5,1;21,0;52,0;2,0;15,67;8,21;95,2;;4,028730833;14,59066446;0,115567014;45,35402717;2,93715596;1,041125565;;;;11,0268;13,89583333;5,105;20,035;3,588857579;2,096264383;0,746296598;0,052047547;0,149520523;0,596776074;0,7325;;;;;;;;;;;;;
104;25,6;71,9;1,3;32,1;96,8;4,8;19,6;45,9;0,0;18,57;10,44;95,1;;4,259713233;16,5478405;0,118624097;51,65467723;3,768916556;1,379097212;;;;13,5756;13,89583333;6,285;25,465;3,760369975;1,937323448;0,911523264;0,062956218;0,232119399;0,679403865;0,7391;;;;;;;;;;;;;
105;24,5;83,0;1,0;29,6;100,0;5,5;21,1;55,5;7,1;8,91;4,10;95,0;;3,856630933;13,08620138;0,11339;40,67413858;1,458011114;0,660997284;;;;9,2124;13,89583333;4,265;22,255;3,310166851;2,107713933;0,601226459;0,042222313;0,133802948;0,467423511;0,7278;;;;;;;;;;;;;
106;24,6;83,4;0,6;30,6;100,0;5,6;21,2;47,2;1,0;13,86;7,62;95;;3,915929067;13,92322872;0,114131111;43,09124506;2,714666916;0,921019383;;;;10,206;13,89583333;4,725;26,4;3,477153283;2,112309056;0,682422114;0,047742437;0,180159438;0,502262676;0,7294;;;;;;;;;;;;;
107;25,9;79,0;0,9;31,9;100,0;5,6;21,2;50,2;26,2;16,78;9,72;95,1;;4,340610833;15,01060567;0,119735764;48,10440765;3,522111515;1,139978649;;;;11,556;13,89583333;5,35;24,925;3,722489701;2,122680153;0,799904774;0,055673644;0,199376265;0,600528509;0,7415;;;;;;;;;;;;;
108;24,1;91,4;0,7;28,4;100,0;4,5;21,3;70,2;0,8;9,80;3,98;95,1;;3,720526933;11,75038396;0,1117225;36,66560405;1,407840424;0,834625799;;;;7,7112;13,89583333;3,57;14,915;3,111294995;2,12961895;0,490838022;0,034669272;0,073208491;0,417629531;0,7242;;;;;;;;;;;;;
109;21,5;80,7;2,6;24,7;100,0;6,0;17,2;66,4;0,0;10,82;5,45;95,2;;2,613498567;12,14456329;0,099540486;33,57024597;1,857898108;0,725133125;;;;8,1432;13,89583333;3,77;16,815;2,558092916;1,695799211;0,431146853;0,030402608;0,072497343;0,35864951;0,6979;;;;;;;;;;;;;
110;20,3;74,1;1,8;28,0;97,0;5,2;14,1;50,5;0,0;18,98;8,30;95,3;;2,057292267;17,5635969;0,094121111;43,05210284;2,784286485;1,044718149;;;;14,9796;13,89583333;6,935;23,255;3,036291966;1,425592104;0,805349931;0,055327466;0,187284126;0,618065805;0,6862;;;;;;;;;;;;;
111;21,2;76,7;0,8;30,7;100,0;5,0;13,1;38,9;0,0;20,29;9,83;95,3;;2,474622567;20,32222931;0,098150903;50,64490332;3,336028107;1,364237035;;;;19,062;13,89583333;8,825;30,56;3,494962547;1,342280252;1,076341147;0,072813254;0,328929855;0,747411293;0,6949;;;;;;;;;;;;;
112;21,6;77,7;0,5;30,1;100,0;3,8;15,2;37,1;0,0;19,45;9,65;95,2;;2,663773333;18,35682267;0,10005;47,46468441;3,296740619;1,548474341;;;;16,1136;13,89583333;7,46;31,465;3,384077963;1,513411281;0,935333341;0,063981951;0,294302636;0,641030705;0,699;;;;;;;;;;;;;
113;22,3;71,5;0,8;31,1;100,0;4,2;14,1;37,2;0,0;18,79;9,18;95,1;;2,966862933;19,88706418;0,103199722;52,30641382;3,165917641;1,436111001;;;;18,3924;13,89583333;8,515;31,415;3,563364526;1,421524267;1,07092013;0,07262937;0,336429559;0,734490571;0,7058;;;;;;;;;;;;;
114;23,6;67,3;0,8;32,0;98,3;3,9;16,1;33,3;0,0;18,51;9,47;95,1;;3,509404933;19,03389187;0,10922125;53,38925052;3,327080633;1,550074616;;;;17,1072;13,89583333;7,92;32,48;3,724375793;1,597822425;1,063276684;0,072461358;0,345352267;0,717924417;0,7188;;;;;;;;;;;;;
115;23,5;70,6;0,7;31,9;99,1;3,6;16,1;33,1;0,0;17,16;8,40;95,1;;3,457330833;18,96106352;0,108619097;52,92704483;2,94562678;1,490304498;;;;16,9992;13,89583333;7,87;33,015;3,705552257;1,597822425;1,053864916;0,071849251;0,347933502;0,705931414;0,7175;;;;;;;;;;;;;
116;24,8;72,8;1,4;32,1;99,1;6,3;18,1;36,0;0,0;17,75;9,36;95,1;;3,970854567;17,64014007;0,114825903;52,71171722;3,343810333;1,104674112;;;;15,0876;13,89583333;6,985;31,56;3,743282527;1,784074106;0,97960421;0,067271172;0,309163089;0,670441122;0,7309;;;;;;;;;;;;;
117;24,8;76,3;0,9;32,2;100,0;3,5;18,2;45,3;0,0;18,13;9,74;95,1;;3,970854567;17,60954884;0,114825903;52,63619896;3,479108262;1,641661574;;;;15,0444;13,89583333;6,965;27,355;3,762272766;1,798006305;0,982133231;0,06745589;0,268662545;0,713470685;0,7309;;;;;;;;;;;;;
118;25,6;72,5;0,9;32,8;100,0;5,1;18,5;41,8;0,0;18,23;10,02;95,0;;4,256306667;17,89878429;0,118577778;55,0924666;3,616525527;1,358331017;;;;15,4548;13,89583333;7,155;29,085;3,891684665;1,827169544;1,03225756;0,070788413;0,300232111;0,732025449;0,739;;;;;;;;;;;;;
119;25,9;70,2;1,0;33,5;97,6;5,2;19,3;39,0;0,0;16,90;9,10;94,9;;4,340610833;17,81537336;0,119735764;55,41625263;3,295712017;1,242223892;;;;15,336;13,89583333;7,1;29,29;4,022935488;1,90662381;1,058155839;0,072597085;0,309933845;0,748221994;0,7415;;;;;;;;;;;;;
120;25,5;71,3;0,9;33,1;98,8;4,2;19,3;39,9;0,0;17,30;9,23;95,0;;4,222083333;17,53291868;0,118114583;53,94903806;3,326651393;1,425632819;;;;14,9364;13,89583333;6,915;29,46;3,948889151;1,90662381;1,02113267;0,070163211;0,300825685;0,720306986;0,738;;;;;;;;;;;;;
121;34,9;68,9;1,0;33,1;98,7;4,1;17,6;34,4;0,0;17,70;9,16;95,0;;6,185313233;18,79286173;0,161608542;78,16985443;3,723702874;1,470233094;;;;16,7508;13,89583333;7,755;32,13;3,938974424;1,732184199;1,103395113;0,075296688;0,35452085;0,748874263;0,8319;;;;;;;;;;;;;
122;25,2;65,7;1,2;33,6;97,2;5,0;17,7;30,2;0,0;17,73;9,15;94,9;;4,114169233;19,07023798;0,116678681;57,12451831;3,283645856;1,331018167;;;;17,1612;13,89583333;7,945;33,52;4,045180905;1,746734014;1,149223445;0,078302586;0,385219699;0,764003747;0,7349;;;;;;;;;;;;;
123;25,3;64,7;1,3;33,7;95,3;5,7;17,4;31,2;0,0;17,84;9,32;94,7;;4,142281767;19,34500823;0,117049236;57,98710848;3,349182428;1,253553262;;;;17,5716;13,89583333;8,135;32,04;4,06346122;1,718700352;1,172380434;0,079756764;0,375630691;0,796749743;0,7357;;;;;;;;;;;;;
124;25,2;64,9;1,0;33,7;97,6;4,0;17,8;30,7;0,0;16,23;8,11;94,9;;4,100044167;19,13554743;0,116493403;57,19509843;2,910770566;1,37129676;;;;17,2584;13,89583333;7,99;33,465;4,073647969;1,751607704;1,161020132;0,079077334;0,388535387;0,772484745;0,7345;;;;;;;;;;;;;
125;25,0;62,1;1,1;34,0;94,5;4,5;17,4;30,1;0,0;17,50;8,86;95,1;;4,046666667;19,58871556;0,115798611;57,96385479;3,174422851;1,391514133;;;;17,9388;13,89583333;8,305;32,205;4,13317033;1,718700352;1,207234989;0,082014258;0,388790028;0,818444961;0,733;;;;;;;;;;;;;
126;23,8;61,3;1,0;33,3;94,4;4,5;15,4;25,7;0,0;17,36;8,01;95,3;;3,592501233;20,51677366;0,110193958;57,30823349;2,819888701;1,288420948;;;;19,3644;13,89583333;8,965;34,36;3,984762202;1,531533989;1,226614107;0,082884729;0,421464607;0,8051495;0,7209;;;;;;;;;;;;;
127;22,9;66,4;1,1;31,7;96,5;5,5;14,6;36,2;0,0;17,64;8,90;95,1;;3,235837233;19,91532603;0,106117847;53,84858363;3,096414257;1,199634817;;;;18,4356;13,89583333;8,535;30,14;3,67933849;1,470180486;1,104579002;0,074899912;0,332920111;0,771658891;0,7121;;;;;;;;;;;;;
128;24,1;67,7;1,0;32,6;96,3;4,5;16,0;36,8;0,0;16,50;;95,0;;3,693630833;19,58871556;0,111398264;55,7612283;0;0,237259353;;;;17,9388;13,89583333;8,305;29,765;3,854598114;1,589737155;1,132430479;0,076932367;0,337067932;0,795362547;0,7235;;;;;;;;;;;;;
129;24,8;66,7;1,3;32,2;98,8;5,9;17,7;37,9;0,0;17,45;;95,1;;3,959921067;18,07237561;0,114686944;53,71125233;0;0,189178606;;;;15,7032;13,89583333;7,27;30,455;3,769892313;1,741872216;1,014010048;0,069471687;0,30881676;0,705193288;0,7306;;;;;;;;;;;;;
130;24,0;68,7;1,2;31,9;95,9;5,8;16,9;35,2;0,0;14,14;;95,2;;3,682060933;18,40147268;0,111259306;52,88851153;0;0,190822612;;;;16,1784;13,89583333;7,49;30,34;3,716836412;1,6731661;1,021835156;0,06988202;0,310024786;0,71181037;0,7232;;;;;;;;;;;;;
131;24,0;71,7;0,9;31,2;100,0;5,2;17,8;36,3;0,0;16,46; ;95,1;;3,674333333;17,19311395;0,111166667;49,96132702;#VALOR!;#VALOR!;;;;14,4612;13,89583333;6,695;31,86;3,581557692;1,755515236;0,913021228;0,06284793;0,290888563;0,622132665;0,723;;;;;;;;;;;;;
132;24,3;65,5;1,1;32,5;98,1;5,3;16,9;33,5;0,0;15,71;14,43;95,0;;3,770104167;18,82218457;0,112324653;54,40131209;5,116052979;1,850171032;;;;16,794;13,89583333;7,775;32,325;3,825536917;1,6731661;1,076185409;0,073427887;0,347876933;0,728308475;0,7255;;;;;;;;;;;;;
133;24,2;61,3;1,3;32,3;97,8;5,7;15,7;31,4;0,0;16,17;9,03;94,9;;3,739652433;19,57443466;0,111954097;56,00570626;3,196903947;1,196012688;;;;17,9172;13,89583333;8,295;33,22;3,787085427;1,560397446;1,113343991;0,075641874;0,369852874;0,743491117;0,7247;;;;;;;;;;;;;
134;24,5;54,9;1,3;32,4;88,2;6,3;16,7;27,3;0,0;16,83;;94,9;;3,845430833;18,92458088;0,113251042;55,09634255;0;0,158151037;;;;16,9452;13,89583333;7,845;30,475;3,815892326;1,655436545;1,080227891;0,073661619;0,32919945;0,751028441;0,7275;;;;;;;;;;;;;
135;23,9;73,1;1,7;28,5;91,9;5,2;18,0;54,9;0,0;10,08;5,00;95,1;;3,631626567;14,84013755;0,110657153;44,03958666;1,762779769;0,73963505;;;;11,34;13,89583333;5,25;18,515;3,127459926;1,780110898;0,673674514;0,046926646;0,124730836;0,548943678;0,7219;;;;;;;;;;;;;
136;20,3;79,4;1,2;28,2;98,4;5,5;15,2;52,3;0,0;13,08;5,86;95,2;;2,057292267;16,88822087;0,094121111;41,68001001;1,96500011;0,785593004;;;;14,04;13,89583333;6,5;23,05;3,06642022;1,514269979;0,77607512;0,053506718;0,178885315;0,597189805;0,6862;;;;;;;;;;;;;
137;23,0;71,2;0,9;32,3;100,0;5,6;15,6;37,0;0,0;14,70;6,83;95,1;;3,273333333;19,64577138;0,106534722;53,45501297;2,377739211;0,95376489;;;;18,0252;13,89583333;8,345;31,515;3,787085427;1,551600955;1,117742236;0,075909785;0,352256466;0,765485771;0,713;;;;;;;;;;;;;
138;24,9;60,6;1,4;33,4;97,1;6,4;16,9;29,9;0,0;15,69;7,10;95,2;;4,021536433;19,4814427;0,115474375;57,53996969;2,538598294;0,930425803;;;;17,7768;13,89583333;8,23;33,59;4,004813931;1,6731661;1,165823915;0,079249364;0,391600253;0,774223662;0,7323;;;;;;;;;;;;;
139;24,1;61,8;1,0;32,8;94,0;4,0;15,8;32,7;0,0;15,49;7,01;95,2;;3,693630833;19,83046176;0,111398264;56,32904222;2,47644741;1,207776688;;;;18,306;13,89583333;8,475;30,635;3,883851268;1,572786046;1,155532611;0,078393265;0,353997415;0,801535196;0,7235;;;;;;;;;;;;;
140;23,1;73,5;1,0;30,1;100,0;5,0;16,4;45,0;0,0;14,59;6,74;95,3;;3,298201733;17,44837248;0,106812639;48,59244967;2,35057216;0,962296246;;;;14,8176;13,89583333;6,86;27,495;3,385813799;1,620471111;0,882671344;0,060676699;0,242690486;0,639980858;0,7136;;;;;;;;;;;;;
141;23,5;75,7;1,3;31,0;99,0;5,3;18,3;43,1;0,0;14,91;6,75;95,3;;3,489433767;16,66709225;0,108989653;47,74170421;2,367833759;0,92074405;;;;13,7376;13,89583333;6,36;27,95;3,547059555;1,803005149;0,872027203;0,06019127;0,243731603;0,6282956;0,7183;;;;;;;;;;;;;
142;23,0;73,9;1,1;30,3;98,1;4,9;16,5;44,7;0,0;14,72;6,27;95,5;;3,269178567;17,5635969;0,106488403;48,70904746;2,185210278;0,924947161;;;;14,9796;13,89583333;6,935;26,7;3,427707298;1,628693308;0,899506995;0,061796047;0,240168368;0,659338627;0,7129;;;;;;;;;;;;;
143;23,1;72,1;0,9;30,2;100,0;4,9;17,0;42,6;0,0;15,51;6,70;95,4;;3,327084433;17,07626765;0,107136875;47,87977051;2,339892842;0,973462133;;;;14,2992;13,89583333;6,62;28,71;3,410197104;1,67785936;0,866168872;0,059659513;0,248677083;0,617491789;0,7143;;;;;;;;;;;;;
144;22,9;60,5;1,3;31,2;99,3;6,0;14,4;27,7;0,0;15,90;6,50;95,2;;3,227473233;19,70983032;0,106025208;53,34260316;2,260196934;0,881506711;;;;18,1224;13,89583333;8,39;35,785;3,581557692;1,450214498;1,065671597;0,072346976;0,381350581;0,684321016;0,7119;;;;;;;;;;;;;
145;19,0;81,5;1,4;29,6;100,0;10,0;13,7;43,7;1,8;7,81;1,63;95,1;;1,403843733;19,08476378;0,088192222;43,20504569;0,536785818;0,207227886;;;;17,1828;13,89583333;7,955;28,16;3,310166851;1,395730659;0,957218096;0,065214942;0,269552616;0,68766548;0,6734;;;;;;;;;;;;;
146;18,3;86,8;1,3;24,5;100,0;4,8;13,7;63,5;0,3;7,65;3,48;95,4;;1,015638933;15,05302564;0,084857222;34,17134997;1,133925867;0,700931986;;;;11,61;13,89583333;5,375;18,27;2,525646745;1,394931277;0,565357734;0,039340984;0,103290858;0,462066876;0,6662;;;;;;;;;;;;;
147;16,9;91,7;1,6;19,7;100,0;5,1;14,8;81,2;21,8;3,94;0,61;95,5;;0,230041733;9,286282386;0,078465139;21,20159439;0,193152457;1,052104114;;;;5,2272;13,89583333;2,42;9,4;1,946938541;1,485312958;0,230812792;0,016459752;0,021696402;0,209116389;0,6524;;;;;;;;;;;;;
148;19,4;93,5;0,9;25,5;100,0;6,0;15,8;69,4;16,3;8,02;3,39;95,4;;1,566410833;14,14504236;0,089628125;34,28461456;1,119249581;0,542184671;;;;10,476;13,89583333;4,85;15,31;2,670303263;1,571898292;0,549202485;0,038382698;0,084082901;0,465119585;0,6765;;;;;;;;;;;;;
149;18,5;87,6;2,0;22,5;100,0;6,2;13,4;65,2;0,0;9,77;3,66;95,4;;1,086830833;13,66300194;0,085459375;31,76702481;1,194117418;0,584700366;;;;9,8928;13,89583333;4,58;17,385;2,277534439;1,36799046;0,45477199;0,03185413;0,07906211;0,375709879;0,6675;;;;;;;;;;;;;
150;14,9;73,7;0,9;21,8;99,9;5,4;9,6;36,7;0,0;16,47;5,31;95,6;;-1,018331733;16,26738055;0,069108611;29,67131956;1,640816444;0,826093726;;;;13,1976;13,89583333;6,11;31,585;2,185847709;1,095275816;0,545285947;0,037715462;0,172228566;0,37305738;0,6322;;;;;;;;;;;;;
151;15,1;73,8;1,6;22,0;99,3;6,8;8,5;41,3;0,0;15,35;4,43;95,7;;-0,876694267;17,24746533;0,070127639;31,59954578;1,37267275;0,562400238;;;;14,5368;13,89583333;6,73;29,01;2,208461212;1,029256438;0,589602387;0,040573712;0,171043653;0,418558735;0,6344;;;;;;;;;;;;;
152;16,0;73,1;1,5;24,6;100,0;6,4;7,6;33,7;0,3;16,02;5,06;95,7;;-0,342494767;19,83825083;0,074064792;37,46335138;1,589032031;0,645853045;;;;18,31788;13,89583333;8,4805;33,16;2,537771667;0,974842424;0,781464622;0,053013494;0,259133669;0,522330953;0,6429;;;;;;;;;;;;;
153;16,8;72,5;0,8;27,2;100,0;3,5;8,4;29,4;0,0;15,82;5,70;95,8;;0,170993067;21,10693753;0,078001944;41,52770321;1,812565553;1,16794148;;;;20,2932;13,89583333;9,395;35,28;2,916820896;1,023155576;0,94683266;0,063756503;0,334042563;0,612790098;0,6514;;;;;;;;;;;;;
154;18,6;68,6;1,0;28,4;97,0;4,2;10,4;31,8;0,0;15,12;5,85;95,7;;1,157538267;20,55138718;0,086061528;44,82011724;1,912816958;1,016933179;;;;19,4184;13,89583333;8,99;32,62;3,104849455;1,15209644;0,976376507;0,065962289;0,318494017;0,657882491;0,6688;;;;;;;;;;;;;
155;19,1;77,9;0,9;27,7;96,8;4,3;13,2;45,1;0,0;11,43;4,67;95,7;;1,440793233;18,07237561;0,088516458;41,45484782;1,53839822;0,851525492;;;;15,7032;13,89583333;7,27;25,845;2,998604551;1,35313529;0,822734631;0,056367058;0,212635765;0,610098865;0,6741;;;;;;;;;;;;;
156;18,9;79,6;1,8;25,2;100,0;6,1;14,0;52,3;0,0;14,15;5,29;95,7;;1,350815067;15,48967247;0,087729028;36,1721537;1,739219483;0,671427023;;;;12,1716;13,89583333;5,635;23,85;2,629644885;1,414227843;0,607708521;0,042197537;0,144938482;0,462770039;0,6724;;;;;;;;;;;;;
157;19,1;76,7;0,9;27,2;100,0;3,2;11,9;44,3;0,0;14,85;5,86;95,7;;1,446060267;18,63842439;0,088562778;42,5467154;1,930289767;1,258157888;;;;16,524;13,89583333;7,65;27,855;2,916820896;1,255970674;0,830425111;0,05671756;0,231314915;0,599110196;0,6742;;;;;;;;;;;;;
158;19,9;71,6;1,0;29,3;100,0;3,2;11,8;32,5;0,0;14,85;5,85;95,6;;1,843013233;20,21750819;0,092129375;47,33542081;1,949617936;1,237052101;;;;18,9;13,89583333;8,75;33,76;3,24602524;1,2458041;1,00011057;0,067697594;0,337637328;0,662473242;0,6819;;;;;;;;;;;;;
159;19,9;69,7;0,8;28,7;99,6;3,4;11,6;35,8;0,0;13,82;5,23;95,7;;1,853097233;19,95061662;0,092222014;46,86575038;1,741946972;1,108337768;;;;18,4896;13,89583333;8,56;31,9;3,15021386;1,231405947;0,959403957;0,065042572;0,306049862;0,653354094;0,6821;;;;;;;;;;;;;
160;19,7;71,4;0,8;29,3;99,2;4,0;11,5;34,9;0,0;14,53;5,79;95,6;;1,726223067;20,41965255;0,091064028;47,17413249;1,922814887;1,053244286;;;;19,2132;13,89583333;8,895;32,16;3,24602524;1,224974658;1,010525291;0,068322018;0,324984934;0,685540357;0,6796;;;;;;;;;;;;;
161;20,5;69,6;1,1;30,2;99,8;5,6;12,0;34,4;0,0;15,05;5,99;95,4;;2,121030833;20,71700611;0,094723264;49,65922454;2,010532042;0,849108782;;;;19,6776;13,89583333;9,11;32,685;3,410197104;1,2632771;1,073460002;0,072450463;0,350860402;0,7225996;0,6875;;;;;;;;;;;;;
162;21,5;64,9;1,1;31,0;97,1;4,2;12,8;32,4;0,0;14,85;5,92;95,4;;2,631820433;20,71700611;0,099725764;52,2818144;2,018260083;1,034956815;;;;19,6776;13,89583333;9,11;32,36;3,554298168;1,323849546;1,115224311;0,075269239;0,360886587;0,754337724;0,6983;;;;;;;;;;;;;
163;20,4;69,2;1,3;29,4;99,8;4,1;11,8;34,1;0,0;14,70;5,42;95,5;;2,081864433;20,31525886;0,094352708;48,67127848;1,819546449;0,982977815;;;;19,0512;13,89583333;8,82;32,855;3,269529154;1,2458041;1,011862527;0,06845413;0,332447433;0,679415094;0,6867;;;;;;;;;;;;;
164;20,6;65,6;0,9;30,0;99,4;4,3;11,8;25,7;0,0;14,92;5,69;95,5;;2,208484433;20,75140143;0,095557014;50,16501385;1,914878797;1,008094317;;;;19,7316;13,89583333;9,135;36,83;3,377142371;1,2458041;1,065669135;0,071910046;0,392485943;0,673183193;0,6893;;;;;;;;;;;;;
165;19,2;64,1;1,5;29,1;97,9;6,4;10,1;26,1;0,0;15,21;5,43;95,4;;1,493334567;21,26971932;0,088979653;47,67373673;1,792610986;0,725201685;;;;20,5524;13,89583333;9,515;35,925;3,222668764;1,129993743;1,04633751;0,070388328;0,375896751;0,67044076;0,6751;;;;;;;;;;;;;
166;20,8;57,3;1,0;30,1;83,3;6,6;12,8;30,8;0,0;15,05;5,86;95,4;;2,266270833;20,07732728;0,096112847;49,09910633;1,977493051;0,725837498;;;;18,684;13,89583333;8,65;26,245;3,384077963;1,320799481;1,031639241;0,06988857;0,270753719;0,760885522;0,6905;;;;;;;;;;;;;
167;21,6;64,4;0,8;30,7;93,6;4,3;13,3;32,7;0,0;14,14;5,99;95,5;;2,663773333;20,14749723;0,10005;51,25790008;2,046928319;1,019918103;;;;18,792;13,89583333;8,7;30,44;3,502108471;1,364851205;1,068628633;0,072364997;0,325290556;0,743338077;0,699;;;;;;;;;;;;;
168;21,3;65,8;1,1;30,5;95,9;5,7;13,7;34,8;0,0;14,57;5,90;95,3;;2,521201233;19,68137646;0,098614097;49,55481089;2,006300034;0,819393891;;;;18,0792;13,89583333;8,37;30,545;3,452353163;1,394931277;1,028710943;0,06984914;0,314219757;0,714491185;0,6959;;;;;;;;;;;;;
169;21,2;58,5;1,3;29,5;94,0;6,3;12,8;30,9;0,0;15,02;5,89;95,1;;2,474622567;19,61012417;0,098150903;49,1745113;2,001389461;0,757274504;;;;17,9712;13,89583333;8,32;31,565;3,277959288;1,323849546;0,977054871;0,066368722;0,30840737;0,668647501;0,6949;;;;;;;;;;;;;
170;19,4;61,4;1,3;28,9;95,5;6,3;10,7;27,7;0,0;15,02;5,50;95,2;;1,571609067;20,73764777;0,089674444;47,05103944;1,81934032;0,728461571;;;;19,71;13,89583333;9,125;33,905;3,189556582;1,169093236;1,010231673;0,068174726;0,342519049;0,667712625;0,6766;;;;;;;;;;;;;
171;19,6;59,8;1,3;30,3;94,3;5,4;10,1;23,4;0,0;14,87;5,50;95,3;;1,710877767;22,03212925;0,090925069;50,15401247;1,825637338;0,837703763;;;;21,7836;13,89583333;10,085;35,445;3,425952761;1,133318463;1,146317149;0,076759125;0,406312113;0,740005036;0,6793;;;;;;;;;;;;;
172;18,9;59,5;1,2;29,8;97,3;3,7;9,4;21,8;0,0;14,69;4,98;95,4;;1,350815067;22,22333832;0,087729028;48,73772175;1,637444089;1,020562084;;;;22,0968;13,89583333;10,23;37,765;3,342649898;1,083060371;1,129794764;0,075564155;0,426666992;0,703127771;0,6724;;;;;;;;;;;;;
173;18,3;64,2;1,1;28,5;92,3;6,6;9,2;33,0;0,0;14,45;5,19;95,3;;1,015638933;21,45861084;0,084857222;45,79826662;1,690340116;0,662164542;;;;20,8548;13,89583333;9,655;29,65;3,119368329;1,070965005;1,024201662;0,068821127;0,303675793;0,720525869;0,6662;;;;;;;;;;;;;
174;20,3;63,3;1,2;30,9;93,9;5,2;11,6;27,7;0,0;13,83;5,65;95,2;;2,027711067;21,4653369;0,093843194;50,66119584;1,891559003;0,867402715;;;;20,8656;13,89583333;9,66;33,12;3,529019174;1,232122364;1,148448405;0,07716675;0,380366112;0,768082293;0,6856;;;;;;;;;;;;;
175;22,4;57,0;0,4;31,0;86,7;4,8;14,8;30,9;0,0;11,50;4,38;95,1;;3,031936433;19,3017932;0,103894514;51,37516336;1,514765148;0,750233397;;;;17,5068;13,89583333;8,105;27,915;3,545251909;1,481095839;1,032078035;0,070229193;0,288104583;0,743973452;0,7073;;;;;;;;;;;;;
176;22,3;60,6;1,3;31,8;91,3;5,9;13,9;29,4;0,0;14,22;6,04;95,1;;2,953770833;20,52369941;0,103060764;53,61343948;2,080474032;0,842856873;;;;19,3752;13,89583333;8,97;30,965;3,696171591;1,406159302;1,145006145;0,077367177;0,354551153;0,790454992;0,7055;;;;;;;;;;;;;
177;20,7;73,7;1,6;27,4;90,8;6,0;15,4;53,0;0,0;12,20;4,96;95,3;;2,218144167;16,0894674;0,095649653;40,69519313;1,670186975;0,633729218;;;;12,96;13,89583333;6;18,905;2,953610618;1,538487814;0,707561402;0,048983732;0,133764483;0,573796919;0,6895;;;;;;;;;;;;;
178;21,8;67,0;0,7;31,1;100,0;5,6;12,6;35,3;0,0;12,16;5,15;95,1;;2,772259733;20,88176622;0,101161667;53,38274688;1,765403107;0,772295255;;;;19,9368;13,89583333;9,23;32,37;3,563364526;1,309416665;1,126973931;0,07598822;0,364801461;0,762172469;0,7014;;;;;;;;;;;;;
179;21,8;71,0;0,6;28,3;94,1;4,8;15,8;44,1;0,0;12,00;4,97;95,0;;2,772259733;16,49199759;0,101161667;43,92786291;1,703953355;0,804545898;;;;13,5;13,89583333;6,25;24,99;3,093597779;1,572786046;0,760405867;0,052534082;0,190025426;0,570380441;0,7014;;;;;;;;;;;;;
180;20,5;71,6;1,2;28,5;100,0;4,3;12,8;41,1;0,0;9,97;3,40;95,0;;2,145416667;18,91727885;0,094954861;46,18057383;1,142119389;0,71924606;;;;16,9344;13,89583333;7,84;29,465;3,119368329;1,323849546;0,897759391;0,061221441;0,264524805;0,633234587;0,688;;;;;;;;;;;;;
181;22,0;64,1;1,4;29,8;89,2;6,7;16,0;29,1;0,0;13,44;5,94;95,1;;2,856973767;17,48683561;0,102041736;46,50652631;2,042492589;0,706983379;;;;14,8716;13,89583333;6,885;30,07;3,33578837;1,589737155;0,873025607;0,060001343;0,2625188;0,610506807;0,7033;;;;;;;;;;;;;
182;17,2;81,2;1,0;22,7;99,2;5,3;12,1;49,8;0,8;8,06;2,38;95,3;;0,393852933;14,88287385;0,079762083;31,81938723;0,761656567;0,624296299;;;;11,394;13,89583333;5,275;24,68;2,291079696;1,270620865;0,510229416;0,035534104;0,12592462;0,384304796;0,6552;;;;;;;;;;;;;
183;12,8;92,5;0,8;16,7;100,0;5,7;10,5;74,5;0,3;4,27;-0,40;95,6;;-2,440157733;10,7669461;0,059381528;18,13070525;-0,119454901;0,811316464;;;;6,6744;13,89583333;3,09;12,75;1,650798349;1,158190073;0,246304138;0,0174667;0,031403778;0,21490036;0,6112;;;;;;;;;;;;;
184;16,1;80,6;0,8;27,9;100,0;3,3;8,6;39,8;0,3;12,45;5,52;95,5;;-0,299424933;21,4653369;0,074389028;40,15887488;1,73666196;1,145102879;;;;20,8656;13,89583333;9,66;30,08;3,028406527;1,034774579;0,996815974;0,066978237;0,299842245;0,696973729;0,6436;;;;;;;;;;;;;
185;19,3;69,0;1,1;29,3;100,0;3,9;10,3;29,4;0,3;14,14;6,09;95,3;;1,550798933;21,20877164;0,089489167;47,83321195;2,01166385;1,12155259;;;;20,4552;13,89583333;9,47;35,28;3,24602524;1,145358834;1,050333203;0,070682895;0,370557554;0,679775649;0,6762;;;;;;;;;;;;;
186;21,7;61,3;0,6;28,2;91,6;2,8;15,1;34,7;0,0;8,79;3,57;95,2;;2,686510833;16,96673881;0,100281597;44,57855464;1,221307448;1,172936632;;;;14,148;13,89583333;6,55;28,445;3,06642022;1,50570221;0,780359005;0,05378001;0,221973119;0,558385886;0,6995;;;;;;;;;;;;;
187;20,9;62,3;0,5;27,5;84,9;3,2;15,4;34,2;0,0;7,14;2,53;95,4;;2,328406933;16,20283229;0,096715;41,38779341;0,854181771;0,937546418;;;;13,1112;13,89583333;6,07;25,37;2,967510782;1,534138434;0,716686174;0,049586893;0,181823282;0,534862892;0,6918;;;;;;;;;;;;;
188;18,9;70,1;1,3;27,5;94,6;5,5;11,7;39,3;0,0;14,31;5,22;95,5;;1,340174933;19,01934075;0,087636389;42,81114137;1,713080001;0,744535225;;;;17,0856;13,89583333;7,91;27,655;2,967510782;1,242190755;0,862660013;0,058794306;0,238568627;0,624091387;0,6722;;;;;;;;;;;;;
189;19,9;70,2;1,0;30,2;100,0;5,4;11,0;32,9;0,0;12,73;5,11;95,2;;1,827865733;21,3710466;0,091990417;49,48071658;1,700478395;0,782477837;;;;20,7144;13,89583333;9,59;33,57;3,410197104;1,194653296;1,107771904;0,074475821;0,371879028;0,735892876;0,6816;;;;;;;;;;;;;
190;17,5;79,9;1,4;25,3;99,4;5,1;11,3;51,1;0,0;10,06;3,50;95,2;;0,549685233;17,62484878;0,081012708;37,16287873;1,123922563;0,635976123;;;;15,066;13,89583333;6,975;24,165;2,636616125;1,215029131;0,710793497;0,048815457;0,171763249;0,539030249;0,6579;;;;;;;;;;;;;
191;14,4;99,6;0,7;15,5;100,0;5,0;13,3;89,9;27,7;1,53;-0,27;95,2;;-1,338783567;5,7777466;0,066838958;12,20379497;-0,083305604;2,693889837;;;;2,3868;13,89583333;1,105;5,05;1,547219051;1,36406738;0,091575836;0,006602709;0,00462458;0,086951256;0,6273;;;;;;;;;;;;;
192;17,9;93,8;0,5;23,5;100,0;3,6;14,6;69,0;2,8;9,31;4,38;95,2;;0,776706567;13,35372997;0,082865486;30,22574875;1,41679716;1,15014187;;;;9,5256;13,89583333;4,41;15,5;2,391728113;1,469343776;0,461192168;0,032349282;0,071484786;0,389707382;0,6619;;;;;;;;;;;;;
193;21,1;84,5;0,2;29,6;100,0;2,4;15,3;48,3;0,0;11,70;5,52;95,3;;2,423054933;17,92148875;0,097641389;45,41273069;1,869911039;1,492130668;;;;15,4872;13,89583333;7,17;25,85;3,310166851;1,526336739;0,891915056;0,061156737;0,230560042;0,661355014;0,6938;;;;;;;;;;;;;
194;19,8;83,2;1,8;25,3;100,0;6,2;15,5;59,2;0,0;9,87;4,07;95,8;;1,787346267;14,26827218;0,091619861;35,29850169;1,352380371;0,580070574;;;;10,6272;13,89583333;4,92;20,39;2,643603502;1,542848012;0,550377745;0,038442606;0,112222022;0,438155723;0,6808;;;;;;;;;;;;;
195;18,9;78,2;1,7;24,8;93,4;5,4;14,6;57,9;0,0;11,79;4,68;95,8;;1,324193233;14,51267508;0,087497431;34,1865007;1,534705344;0,706924174;;;;10,9296;13,89583333;5,06;17,74;2,563535869;1,469343776;0,547096046;0,038169251;0,097054839;0,450041208;0,6719;;;;;;;;;;;;;
196;20,5;69,6;1,0;29,2;100,0;7,4;13,0;34,4;0,0;14,06;6,34;95,6;;2,125913733;19,3017932;0,094769583;46,86294438;2,130874598;0,705244809;;;;17,5068;13,89583333;8,105;32,8;3,237666757;1,338422038;0,949622359;0,064618381;0,311476134;0,638146225;0,6876;;;;;;;;;;;;;
197;18,6;77,8;0,9;25,9;100,0;8,0;13,6;45,0;0,0;14,36;5,79;95,8;;1,173786567;16,35586274;0,086200486;37,17580199;1,891358937;0,554454864;;;;13,3164;13,89583333;6,165;27,51;2,724410175;1,382988713;0,670710731;0,046369684;0,184512522;0,486198209;0,6691;;;;;;;;;;;;;
198;18,5;77,2;0,3;27,4;100,0;6,4;11,5;41,3;0,0;14,80;6,06;95,9;;1,086830833;19,09202398;0,085459375;41,87938902;1,976489899;0,730230619;;;;17,1936;13,89583333;7,96;29,345;2,953610618;1,22854394;0,862533339;0,058761706;0,253110408;0,60942293;0,6675;;;;;;;;;;;;;
199;18,9;75,4;0,0;27,3;100,0;1,1;12,5;37,9;0,0;15,14;6,20;95,8;;1,329523333;18,21496117;0,08754375;41,26630773;2,036988225;3,308459306;;;;15,9084;13,89583333;7,365;31,055;2,924452269;1,301876101;0,811288084;0,055539678;0,251945514;0,559342569;0,672;;;;;;;;;;;;;
200;19,0;69,8;0,8;27,9;100,0;4,8;11,3;32,1;0,0;15,80;6,08;95,7;;1,366753767;19,53870268;0,087867986;43,89019581;1,996887866;0,953143712;;;;17,8632;13,89583333;8,27;33,945;3,020538959;1,215029131;0,902754914;0,061346698;0,306440156;0,596314759;0,6727;;;;;;;;;;;;;
201;18,0;70,6;0,8;26,0;100,0;4,7;10,4;39,0;0,0;16,24;6,03;95,9;;0,810364167;18,80752688;0,083143403;40,24228344;1,951631275;0,943235395;;;;16,7724;13,89583333;7,765;30,525;2,73160029;1,15209644;0,789751925;0,053888993;0,241071775;0,54868015;0,6625;;;;;;;;;;;;;
202;17,6;66,5;0,2;27,4;99,2;3,2;9,0;30,4;0,0;16,10;6,09;95,8;;0,618273233;20,84065585;0,081568542;42,97349761;1,962351991;1,30294472;;;;19,872;13,89583333;9,2;34,4;2,953610618;1,062128877;0,94574087;0,063783782;0,325334859;0,620406011;0,6591;;;;;;;;;;;;;
203;17,6;72,1;1,0;28,3;100,0;3,0;8,8;32,4;0,0;15,93;6,18;95,7;;0,601164933;21,58617199;0,081429583;44,16402136;1,990691749;1,344285084;;;;21,06;13,89583333;9,75;33,795;3,088786529;1,047130475;1,020828027;0,068541692;0,344988832;0,675839196;0,6588;;;;;;;;;;;;;
204;18,8;66,1;0,6;28,1;100,0;6,1;9,4;29,9;0,0;16,03;6,00;95,7;;1,281449233;21,07292159;0,087126875;46,32399688;1,96803879;0,790948182;;;;20,2392;13,89583333;9,37;35,075;3,058466559;1,083060371;0,987703094;0,066522062;0,34643686;0,641266234;0,6711;;;;;;;;;;;;;
205;18,8;59,0;0,5;28,0;99,5;5,2;10,0;27,5;0,0;16,36;6,27;95,8;;1,249270833;20,60668989;0,086848958;45,33071612;2,053523247;0,928118673;;;;19,5048;13,89583333;9,03;36,025;3,042613207;1,120730139;0,960941534;0,064898447;0,346179188;0,614762346;0,6705;;;;;;;;;;;;;
206;18,3;57,4;1,2;29,3;97,2;4,3;7,4;25,9;0,0;16,19;6,45;95,8;;1,010142567;23,12665057;0,084810903;48,69298235;2,098253265;1,103222421;;;;23,60016;13,89583333;10,926;35,66;3,24602524;0,963760908;1,141132166;0,075895035;0,40692773;0,734204436;0,6661;;;;;;;;;;;;;
207;18,6;60,3;1,4;28,8;97,4;4,3;8,6;26,7;0,0;16,24;6,67;95,6;;1,162957233;22,06517336;0,086107847;47,55568046;2,180634713;1,113585311;;;;21,8376;13,89583333;10,11;35,35;3,166554929;1,032318864;1,067118032;0,071441393;0,377226224;0,689891808;0,6689;;;;;;;;;;;;;
208;18,8;60,7;1,2;28,4;94,7;3,5;10,0;26,9;0,0;13,83;5,18;95,5;;1,286802267;20,84751125;0,087173194;45,93872614;1,700308343;1,08375407;;;;19,8828;13,89583333;9,205;33,9;3,104849455;1,123370039;0,990739708;0,066815936;0,335860761;0,654878947;0,6712;;;;;;;;;;;;;
209;19,5;60,0;1,3;29,5;90,7;3,4;11,3;27,2;0,0;13,17;5,05;95,5;;1,618264167;20,68257351;0,090091319;47,16604969;1,671304053;1,071606358;;;;19,6236;13,89583333;9,085;31,76;3,286408365;1,215029131;1,035689617;0,069915432;0,328935022;0,706754595;0,6775;;;;;;;;;;;;;
210;20,9;59,9;1,5;32,1;96,2;5,5;10,6;25,8;0,0;15,87;6,98;95,4;;2,347428267;22,86172027;0,096900278;55,10696659;2,360731341;1,034409025;;;;23,1552;13,89583333;10,72;35,21;3,743282527;1,164994015;1,289144256;0,085881588;0,453907693;0,835236563;0,6922;;;;;;;;;;;;;
211;20,8;64,3;2,6;30,1;87,6;7,6;14,0;34,8;0,0;15,30;7,01;95,4;;2,295009233;19,1934785;0,096390764;47,44356175;2,36768439;0,746760584;;;;17,3448;13,89583333;8,03;26,395;3,384077963;1,41827734;0,982900311;0,066923725;0,259436537;0,723463774;0,6911;;;;;;;;;;;;;
212;16,5;83,8;2,1;18,9;93,0;6,5;14,3;73,8;0,0;4,85;-0,19;95,8;;-0,043955733;9,004753749;0,076334444;20,10798525;-0,060742022;0,753695715;;;;4,968;13,89583333;2,3;9,59;1,86601043;1,441143271;0,21243358;0,015164269;0,02037238;0,192061199;0,6478;;;;;;;;;;;;;
213;19,3;74,0;1,1;29,1;100,0;5,7;10,7;37,6;0,0;16,58;7,18;95,7;;1,540376667;20,85436518;0,089396528;47,12317638;2,372700707;0,953944926;;;;19,8936;13,89583333;9,21;31,19;3,222668764;1,1711476;1,025760582;0,069174954;0,319934725;0,705825856;0,676;;;;;;;;;;;;;
214;19,6;66,7;1,4;29,9;100,0;5,2;11,9;20,2;0,0;16,53;6,97;95,7;;1,690377233;20,58596273;0,090739792;47,32217903;2,310507431;1,02552587;;;;19,4724;13,89583333;9,015;39,9;3,359857559;1,255970674;1,051943443;0,071053034;0,419725434;0,632218009;0,6789;;;;;;;;;;;;;
215;20,2;56,5;1,4;30,6;94,6;5,0;10,0;26,8;0,0;16,34;6,90;95,6;;1,998026667;22,28902409;0,093565278;52,10691476;2,308550797;1,049917585;;;;22,2048;13,89583333;10,28;33,915;3,468278339;1,123370039;1,17245415;0,078385675;0,397637825;0,774816325;0,685;;;;;;;;;;;;;
216;21,7;51,7;1,7;31,2;87,3;7,9;12,6;21,1;0,0;17,55;8,17;95,5;;2,709176667;20,98431209;0,100513194;53,25560899;2,79404424;0,894502064;;;;20,0988;13,89583333;9,305;33,09;3,581557692;1,305641599;1,137958046;0,07668218;0,376550318;0,761407729;0,7;;;;;;;;;;;;;
217;21,9;57,8;1,4;31,5;90,0;6,9;13,1;26,2;0,0;16,28;7,19;95,6;;2,816975067;20,78575963;0,101624861;53,42343304;2,466789303;0,87510864;;;;19,7856;13,89583333;9,16;31,925;3,632929638;1,34924967;1,141839984;0,077034331;0,364532415;0,777307569;0,7024;;;;;;;;;;;;;
218;22,6;56,7;1,4;31,5;93,9;6,4;14,0;25,0;0,0;17,11;7,71;95,5;;3,104906667;20,1895228;0,104681944;53,72333859;2,669019776;0,974108216;;;;18,8568;13,89583333;8,73;34,455;3,634776157;1,41827734;1,108249408;0,075029721;0,381847334;0,726402075;0,709;;;;;;;;;;;;;
219;22,5;55,2;1,2;32,1;94,7;5,7;12,0;22,3;0,0;16,02;7,18;95,3;;3,049180433;22,03874065;0,104079792;57,42435003;2,480977197;1,03049962;;;;21,7944;13,89583333;10,09;36,225;3,758468023;1,25961923;1,249424396;0,08365996;0,452603988;0,796820409;0,7077;;;;;;;;;;;;;
220;24,2;44,6;1,9;31,9;80,3;8,9;15,8;22,1;0,0;17,16;7,74;95,0;;3,751093333;19,22962759;0,112093056;55,25805204;2,740163459;0,763380284;;;;17,3988;13,89583333;8,055;29,095;3,722489701;1,572786046;1,074851828;0,073169608;0,312728139;0,762123688;0,725;;;;;;;;;;;;;
221;24,0;45,2;1,6;33,1;75,0;8,0;13,9;22,9;0,0;16,12;7,34;94,9;;3,666594267;21,3643012;0,111074028;59,73002136;2,592242223;0,839043747;;;;20,7036;13,89583333;9,585;26,03;3,944920657;1,41099556;1,266962548;0,085181704;0,329790351;0,937172197;0,7228;;;;;;;;;;;;;
222;18,5;83,9;1,5;24,3;100,0;9,6;13,7;45,4;14,2;1,26;-1,08;95,2;;1,092287067;14,96810739;0,085505694;34,27195946;-0,35068394;0,116756343;;;;11,502;13,89583333;5,325;27,325;2,505551011;1,390940397;0,557305307;0,038796633;0,152283675;0,405021632;0,6676;;;;;;;;;;;;;
223;12,8;86,8;1,3;18,1;100,0;5,0;8,5;53,5;14,7;10,25;4,09;95,3;;-2,468467067;14,02998461;0,05919625;22,49154336;1,221213472;0,927531309;;;;10,3356;13,89583333;4,785;23,235;1,784074106;1,029256438;0,377408834;0,026390539;0,087690943;0,289717891;0,6108;;;;;;;;;;;;;
224;13,1;72,1;0,7;22,6;100,0;4,4;4,3;27,2;0,3;18,12;7,15;95,4;;-2,264263567;20,76721081;0,060539514;31,80171122;2,142799505;1,134888219;;;;19,75644;13,89583333;9,1465;36,395;2,284914052;0,798733222;0,743090415;0,05013815;0,270447757;0,472642658;0,6137;;;;;;;;;;;;;
225;14,6;58,8;1,6;22,6;97,1;6,2;7,7;18,7;0,0;18,23;7,16;95,4;;-1,207155567;18,32925317;0,067765347;32,10864673;2,202629419;0,854206258;;;;16,07364;13,89583333;7,4415;39,225;2,288611695;0,983506182;0,652552756;0,044644951;0,255963819;0,396588938;0,6293;;;;;;;;;;;;;
226;13,4;63,0;2,2;21,5;85,6;7,8;7,7;35,1;0,0;18,70;6,78;95,7;;-2,007228267;17,53905712;0,062253333;28,44253929;2,045070607;0,609326008;;;;14,94504;13,89583333;6,919;25,26;2,151722944;0,977937227;0,586892859;0,040324768;0,148249136;0,438643722;0,6174;;;;;;;;;;;;;
227;15,5;65,8;0,9;28,1;100,0;3,6;5,0;23,8;0,0;17,80;7,16;95,6;;-0,666839567;23,90734825;0,071656181;42,28421588;2,230431232;1,339585867;;;;24,93072;13,89583333;11,542;38,125;3,058466559;0,834595265;1,111935647;0,073587533;0,423925466;0,688010182;0,6377;;;;;;;;;;;;;
228;20,3;60,3;1,5;31,9;96,6;5,0;9,2;28,5;0,0;18,11;8,34;95,4;;2,037582933;23,64688068;0,093935833;54,93209287;2,795053401;1,273612114;;;;24,4836;13,89583333;11,335;34,045;3,705552257;1,070965005;1,317293626;0,087323275;0,448472615;0,868821011;0,6858;;;;;;;;;;;;;
229;22,5;57,9;1,4;33,3;94,2;4,0;12,6;22,3;0,0;18,10;8,21;95,4;;3,062083333;22,40040123;0,10421875;58,27933721;2,83851363;1,435691771;;;;22,3884;13,89583333;10,365;35,94;3,986763437;1,305641599;1,340560919;0,089563124;0,481797594;0,858763325;0,708;;;;;;;;;;;;;
230;22,5;55,5;1,5;33,9;96,0;5,8;12,4;14,3;0,0;17,81;7,56;95,4;;3,057785233;22,89397848;0,104172431;59,31166258;2,614949497;1,1277448;;;;23,2092;13,89583333;10,745;40,86;4,102289141;1,291383437;1,405452852;0,093611085;0,574268035;0,831184817;0,7079;;;;;;;;;;;;;
231;22,5;52,6;1,3;34,1;93,5;4,7;11,7;19,7;0,0;18,62;8,19;95,3;;3,066378567;23,4759984;0,104265069;60,60827716;2,832663446;1,353150042;;;;24,192;13,89583333;11,2;36,89;4,143508894;1,239306717;1,452101088;0,096364266;0,535680091;0,916420997;0,7081;;;;;;;;;;;;;
232;23,4;49,5;1,4;34,5;90,3;4,5;12,8;17,9;0,0;18,42;8,19;95,3;;3,449276433;22,99057581;0,108526458;62,00594799;2,868469481;1,387348769;;;;23,3712;13,89583333;10,82;36,18;4,224924565;1,324613029;1,450155768;0,096530168;0,524666357;0,925489411;0,7173;;;;;;;;;;;;;
233;23,7;51,6;1,5;34,6;86,8;6,6;13,5;15,1;0,0;18,56;7,86;95,3;;3,549132267;22,5895691;0,109684444;61,76329951;2,765591981;1,080705648;;;;22,7016;13,89583333;10,51;35,87;4,24390913;1,379819237;1,432044946;0,095563258;0,513674522;0,918370424;0,7198;;;;;;;;;;;;;
234;22,8;60,8;1,4;33,4;98,2;6,3;14,3;20,9;0,0;17,82;7,68;95,3;;3,168604167;21,34405667;0,105376736;56,62194748;2,665635916;1,046904263;;;;20,6712;13,89583333;9,57;38,66;4,014872674;1,441965864;1,286453405;0,086502644;0,497342886;0,789110519;0,7105;;;;;;;;;;;;;
235;24,2;45,6;1,7;34,7;87,3;7,9;13,5;16,3;0,0;19,17;8,55;95,1;;3,762508433;22,73886737;0,112232014;63,54264903;3,031473149;1,058762208;;;;22,95;13,89583333;10,625;35,5;4,284231405;1,376656144;1,45378763;0,096924212;0,516094609;0,937693022;0,7253;;;;;;;;;;;;;
236;25,6;41,3;2,2;35,6;78,5;12,8;15,2;16,2;0,0;16,92;6,86;94,8;;4,252897233;22,2036079;0,118531458;65,80166822;2,477160407;0,637997112;;;;22,0644;13,89583333;10,215;31,165;4,479791044;1,518569889;1,480610577;0,0990398;0,461432286;1,019178291;0,7389;;;;;;;;;;;;;
237;19,0;80,6;1,8;27,7;100,0;15,3;15,5;47,4;7,4;12,18;4,89;95,2;;1,382666667;16,31568235;0,088006944;37,87784122;1,607639474;0,272089562;;;;13,2624;13,89583333;6,14;26,315;2,998604551;1,539358987;0,729622782;0,050452938;0,192000235;0,537622547;0,673;;;;;;;;;;;;;
238;14,2;94,6;1,4;16,8;100,0;6,0;12,2;80,1;2,5;2,20;-0,04;95,7;;-1,478227067;9,016598163;0,06586625;17,36930711;-0,013503359;0,968032658;;;;4,9788;13,89583333;2,305;9,95;1,660086167;1,27652287;0,191781649;0,013689489;0,019082274;0,172699375;0,6252;;;;;;;;;;;;;
239;14,0;61,8;1,9;20,7;97,1;8,1;8,8;30,3;0,0;22,18;9,91;95,8;;-1,598756267;16,03258929;0,0650325;27,58797124;3,016839722;0,767842802;;;;12,8844;13,89583333;5,965;33,42;2,058866186;1,044029385;0,5074184;0,035138151;0,169579229;0,337839171;0,6234;;;;;;;;;;;;;
240;14,7;57,6;1,6;26,1;95,2;6,8;4,2;19,7;0,0;22,21;8,77;95,8;;-1,180967567;23,20663916;0,067950625;39,12431553;2,699074602;0,983059025;;;;23,73516;13,89583333;10,9885;37,775;2,759074061;0,791716557;0,983678752;0,065390105;0,371584648;0,612094103;0,6297;;;;;;;;;;;;;
241;17,3;67,1;1,7;27,6;100,0;6,3;6,9;37,3;0,0;20,34;8,95;95,8;;0,434454567;22,4082495;0,080086319;44,79739324;2,869401195;1,056975895;;;;22,40136;13,89583333;10,371;31,345;2,983022319;0,934151714;1,024435303;0,068439397;0,321109246;0,703326057;0,6559;;;;;;;;;;;;;
242;20,8;63,7;1,1;31,6;100,0;4,1;10,6;29,5;0,0;19,34;9,30;95,8;;2,266270833;22,57655625;0,096112847;54,09538092;3,138400235;1,540598718;;;;22,68;13,89583333;10,5;35,23;3,660713372;1,164994015;1,247859679;0,083278923;0,439620965;0,808238714;0,6905;;;;;;;;;;;;;
243;22,7;53,9;1,1;32,5;95,4;4,7;13,4;21,4;0,0;20,59;9,34;95,6;;3,155916267;21,35080623;0,105237778;56,56205126;3,239555957;1,43870376;;;;20,682;13,89583333;9,575;37,02;3,83520272;1,36799046;1,23360613;0,082945771;0,456680989;0,776925141;0,7102;;;;;;;;;;;;;
244;23,0;44,9;1,1;33,0;81,5;4,1;12,6;18,9;0,0;20,79;9,23;95,4;;3,277485233;22,21018598;0,106581042;59,18198114;3,21516779;1,542727707;;;;22,0752;13,89583333;10,22;31,3;3,929081366;1,305641599;1,311719883;0,087738956;0,410568324;0,90115156;0,7131;;;;;;;;;;;;;
245;23,8;45,9;1,5;35,0;93,4;6,8;11,6;15,4;0,0;20,33;9,32;95,3;;3,596426667;24,11115546;0,110240278;65,51037701;3,284089686;1,296267378;;;;25,2828;13,89583333;11,705;38,995;4,346418125;1,23570995;1,555354088;0,102798101;0,606510326;0,948843761;0,721;;;;;;;;;;;;;
246;24,0;46,8;1,4;34,1;79,3;7,6;14,3;20,4;0,0;16,55;7,01;95,0;;3,685920433;21,73326312;0,111305625;60,70712432;2,475535257;0,864753214;;;;21,2976;13,89583333;9,86;29,445;4,141439383;1,445260361;1,348089511;0,090434535;0,396944957;0,951144555;0,7233;;;;;;;;;;;;;
247;24,5;50,1;1,5;35,1;91,7;5,8;14,9;17,1;0,0;18,80;8,20;95,1;;3,864083333;22,09158543;0,113482639;62,73620437;2,917676474;1,21863425;;;;21,8808;13,89583333;10,13;37,325;4,368043012;1,489540615;1,439251198;0,096339379;0,53720051;0,902050689;0,728;;;;;;;;;;;;;
248;25,9;42,2;1,4;36,6;85,3;5,7;14,8;13,2;0,0;18,91;7,87;95,1;;4,347277767;23,12536929;0,119828403;68,79463713;2,853167483;1,235958941;;;;23,598;13,89583333;10,925;36,075;4,703823795;1,481938421;1,610942687;0,10714231;0,581147574;1,029795113;0,7417;;;;;;;;;;;;;
249;24,3;48,6;2,2;33,5;78,2;8,4;17,0;25,2;0,0;17,39;6,75;95,1;;3,770104167;19,51008639;0,112324653;56,03845459;2,393212115;0,735829566;;;;17,82;13,89583333;8,25;26,51;4,024953391;1,678799396;1,173076997;0,079729418;0,310982712;0,862094285;0,7255;;;;;;;;;;;;;
250;21,4;67,2;1,5;29,7;87,1;6,0;15,5;40,5;0,0;16,51;6,08;95,2;;2,553635733;17,88363754;0,098938333;45,93564275;2,067633091;0,765779248;;;;15,4332;13,89583333;7,145;23,285;3,327228726;1,539358987;0,893934869;0,061307769;0,208152734;0,685782135;0,6966;;;;;;;;;;;;;
251;24,4;62,0;1,3;36,5;100,0;5,2;13,9;22,7;0,0;17,79;7,67;95,2;;3,837949767;23,59000962;0,113158403;66,04164322;2,727056405;1,278920385;;;;24,3864;13,89583333;11,29;38,665;4,671563294;1,410188504;1,630687395;0,10813726;0,630505281;1,000182114;0,7273;;;;;;;;;;;;;
252;27,1;48,3;1,2;36,5;86,9;5,5;17,0;18,2;0,0;16,85;7,52;95,4;;4,723321733;21,55935792;0,125340417;67,90967391;2,768432203;1,167666514;;;;21,0168;13,89583333;9,73;34,34;4,671563294;1,682564162;1,494499566;0,100361779;0,513211151;0,981288415;0,7536;;;;;;;;;;;;;
253;27,2;40,9;1,7;36,8;75,9;5,8;18,3;14,9;0,0;17,91;7,11;95,3;;4,753073067;20,86806863;0,125803611;66,35026455;2,622134683;1,073732488;;;;19,9152;13,89583333;9,22;30,53;4,736277644;1,809019838;1,463628903;0,098695787;0,446845904;1,016782999;0,7546;;;;;;;;;;;;;
254;26,1;40,0;1,3;35,6;74,9;5,1;15,6;18,1;0,0;18,78;7,80;95,1;;4,426386567;21,9328024;0,120940069;66,46168432;2,835628262;1,236387699;;;;21,6216;13,89583333;10,01;28,39;4,475362414;1,552478641;1,461441886;0,097919717;0,414903351;1,046538535;0,7441;;;;;;;;;;;;;
255;26,5;38,5;1,4;36,3;75,6;7,6;15,6;14,3;0,0;20,55;8,85;95,0;;4,538793733;22,38077271;0,12256125;68,48689034;3,232664624;1,148421721;;;;22,356;13,89583333;10,35;30,665;4,62581035;1,551600955;1,537104698;0,102706691;0,471353156;1,065751542;0,7476;;;;;;;;;;;;;
256;26,5;33,5;1,7;36,5;62,9;7,6;16,1;13,9;0,0;21,85;9,13;95,1;;4,557710933;22,19044793;0,122839167;68,15966653;3,336872947;1,177380657;;;;22,0428;13,89583333;10,205;24,52;4,671563294;1,595123336;1,538219979;0,102901676;0,377171539;1,16104844;0,7482;;;;;;;;;;;;;
257;26,0;36,0;2,0;36,2;63,9;9,1;15,8;15,8;0,0;18,34;6,96;95,0;;4,390333333;22,15752573;0,120430556;66,74130123;2,527734681;0,814404682;;;;21,9888;13,89583333;10,18;24,06;4,60534887;1,573674239;1,515837315;0,10142484;0,364710458;1,151126857;0,743;;;;;;;;;;;;;
258;27,6;35,8;2,3;33,7;53,3;8,5;19,5;23,1;0,0;15,13;5,03;95,0;;4,883406567;17,78497893;0,127887986;59,10585012;1,866700728;0,531011358;;;;15,2928;13,89583333;7,08;15,06;4,065496795;1,933063441;1,066216677;0,07316209;0,160572232;0,905644446;0,7591;;;;;;;;;;;;;
259;23,1;63,8;2,8;31,5;84,3;9,0;18,5;36,5;0,0;16,81;7,09;95,2;;3,306468267;16,88822087;0,106905278;47,34127122;2,473221702;0,640324413;;;;14,04;13,89583333;6,5;23,905;3,634776157;1,823122544;0,905826806;0,062452484;0,216537898;0,689288908;0,7138;;;;;;;;;;;;;
260;18,0;90,1;2,1;19,7;100,0;7,7;16,5;80,5;2,0;3,69;7,09;95,5;;0,827154267;7,242504002;0,083282361;18,32629354;2,296513511;0,901686492;;;;3,4668;13,89583333;1,605;9,75;1,952298299;1,63327699;0,159510654;0,011452787;0,015552289;0,143958366;0,6628;;;;;;;;;;;;;
261;19,3;70,9;3,4;26,7;94,0;10,5;14,4;44,5;0,0;22,62;10,39;95,5;;1,561209733;16,35586274;0,089581806;38,63406827;3,433193682;0,68858213;;;;13,3164;13,89583333;6,165;24,75;2,844439362;1,449387774;0,697525794;0,048223547;0,172637634;0,52488816;0,6764;;;;;;;;;;;;;
262;20,4;69,7;1,7;27,5;92,5;9,4;14,0;45,6;0,0;16,61;6,39;95,3;;2,072044167;17,32491703;0,094260069;42,63111516;2,143354802;0,529724147;;;;14,6448;13,89583333;6,78;23,435;2,967510782;1,415036929;0,776236926;0,053395156;0,181911124;0,594325803;0,6865;;;;;;;;;;;;;
263;23,1;69,9;1,5;33,3;100,0;6,5;14,0;36,3;0,0;19,39;8,75;95,1;;3,294064167;21,4787849;0,106766319;57,6675631;3,048918513;1,141784006;;;;20,8872;13,89583333;9,67;31,855;3,986763437;1,414227843;1,286267797;0,086420136;0,409740607;0,87652719;0,7135;;;;;;;;;;;;;
264;26,3;58,3;2,0;37,3;97,0;17,5;17,0;23,2;3,8;20,34;9,58;94,9;;4,500649733;22,06517336;0,122005417;67,38120621;3,491720172;0,743250053;;;;21,8376;13,89583333;10,11;36,925;4,849029196;1,682564162;1,583232517;0,105994213;0,584608607;0,99862391;0,7464;;;;;;;;;;;;;
265;22,7;74,0;1,2;29,8;100,0;5,2;17,0;42,6;0,0;14,22;6,97;95,1;;3,126210833;16,69879882;0,104913542;46,02841058;2,415058112;0,946348316;;;;13,7808;13,89583333;6,38;28,71;3,33578837;1,682564162;0,826612104;0,057047149;0,237320335;0,589291769;0,7095;;;;;;;;;;;;;
266;25,8;60,5;1,5;35,1;100,0;6,1;16,3;28,6;0,0;21,99;10,46;94,9;;4,337273067;21,10693753;0,119689444;63,72184388;3,789262397;1,434088956;;;;20,2932;13,89583333;9,395;35,72;4,361545747;1,615918977;1,372813385;0,092440602;0,490368941;0,882444444;0,7414;;;;;;;;;;;;;
267;27,3;48,8;1,7;36,5;92,1;9,5;17,6;17,9;0,0;22,80;10,12;94,9;;4,797162567;21,20199262;0,126498403;67,59731439;3,737246608;1,124463875;;;;20,4444;13,89583333;9,465;37,08;4,671563294;1,73315087;1,469206212;0,098875248;0,544781663;0,924424549;0,7561;;;;;;;;;;;;;
268;28,3;41,0;1,4;38,2;70,4;6,0;17,4;20,1;0,0;21,81;10,12;94,9;;5,058770833;22,43962467;0,130852431;73,27876337;3,7856088;1,537457227;;;;22,4532;13,89583333;10,395;25,135;5,081543245;1,719660422;1,680941411;0,112276806;0,422504624;1,258436787;0,7655;;;;;;;;;;;;;
269;28,8;43,0;1,6;38,5;92,2;6,5;17,1;16,0;0,0;22,75;10,67;94,8;;5,192608433;22,81650887;0,133261042;75,6614322;4,018817704;1,587477225;;;;23,0796;13,89583333;10,685;38,12;5,141161639;1,687280528;1,726940555;0,115079646;0,65830974;1,068630816;0,7707;;;;;;;;;;;;;
270;29,9;35,7;2,1;39,6;69,9;12,8;19,0;15,3;0,0;22,40;10,06;94,7;;5,458897233;22,30870521;0,138541458;77,21061669;3,84279434;1,03949337;;;;22,2372;13,89583333;10,295;27,295;5,422246981;1,873243695;1,774501643;0,11862183;0,484350223;1,29015142;0,7821;;;;;;;;;;;;;
271;25,1;61,8;2,8;30,9;85,4;8,8;18,1;29,6;0,5;12,29;4,47;94,9;;4,075214933;16,69087586;0,116169167;50,9465828;1,603309899;0,451747962;;;;13,77;13,89583333;6,375;27,915;3,529019174;1,790033418;0,869492878;0,060008951;0,242718937;0,626773941;0,7338;;;;;;;;;;;;;
272;21,6;61,0;2,6;31,1;81,4;9,2;15,4;34,4;0,0;24,92;10,22;95,2;;2,672876933;18,91727885;0,100142639;48,70361006;3,491272769;0,919290345;;;;16,9344;13,89583333;7,84;23,515;3,565180213;1,535876889;1,014651662;0,069192745;0,238595338;0,776056324;0,6992;;;;;;;;;;;;;
273;23,9;62,9;1,6;34,4;95,1;8,2;14,2;31,4;0,0;23,61;9,72;95,2;;3,635523333;22,06517336;0,110703472;61,13936326;3,427157318;1,133670628;;;;21,8376;13,89583333;10,11;31,835;4,208111437;1,430487;1,388812219;0,092978168;0,44212837;0,946683849;0,722;;;;;;;;;;;;;
274;25,8;51,9;1,4;35,6;99,4;6,2;15,8;26,4;0,0;23,32;10,20;95,1;;4,307104167;21,80656571;0,119272569;65,23355179;3,689045813;1,429529577;;;;21,4164;13,89583333;9,915;36,5;4,475362414;1,56923767;1,453062372;0,097433112;0,530367766;0,922694606;0,7405;;;;;;;;;;;;;
275;28,3;43,8;1,6;37,8;84,1;7,1;17,8;18,6;0,0;22,79;9,84;94,8;;5,077238933;21,9328024;0,131176667;72,08712753;3,683075151;1,351663077;;;;21,6216;13,89583333;10,01;32,77;4,976226656;1,752583872;1,611821392;0,107995464;0,52819387;1,083627522;0,7662;;;;;;;;;;;;;
276;29,8;39,7;2,9;40,2;71,9;12,3;22,5;16,2;0,0;21,57;8,80;94,6;;5,437029233;20,37793692;0,138078264;71,40831392;3,356931185;0,905431567;;;;19,1484;13,89583333;8,865;27,88;5,602596052;2,272626286;1,664984883;0,112597731;0,464197785;1,200787097;0,7811;;;;;;;;;;;;;
277;23,6;64,2;3,3;31,0;83,5;10,4;18,1;41,3;0,0;19,61;8,11;95,0;;3,497430833;16,8015753;0,109082292;48,10052372;2,846848043;0,631784961;;;;13,9212;13,89583333;6,445;21,095;3,545251909;1,785066115;0,880092897;0,06070564;0,185655597;0,6944373;0,7185;;;;;;;;;;;;;
278;20,1;75,7;3,6;26,7;99,3;9,6;16,1;51,3;1,0;19,54;8,25;95,3;;1,923364167;14,874333;0,092870486;37,03114301;2,753903573;0,588506502;;;;11,3832;13,89583333;5,27;23,98;2,836990568;1,599624043;0,618683263;0,043088973;0,148360246;0,470323016;0,6835;;;;;;;;;;;;;
279;22,1;65,2;2,1;32,0;89,0;9,8;15,9;30,1;0,0;26,05;10,27;95,2;;2,892333233;19,17176773;0,102412292;50,3602571;3,533507403;0,919431821;;;;17,3124;13,89583333;8,015;29,435;3,726262718;1,581687805;1,072287456;0,073018847;0,315627813;0,756659643;0,7041;;;;;;;;;;;;;
280;22,7;62,9;1,8;33,7;100,0;7,1;12,2;19,7;0,0;25,75;9,79;95,0;;3,143202567;22,90687346;0,105098819;59,8669504;3,394436133;1,248843761;;;;23,2308;13,89583333;10,755;40,14;4,059392729;1,2743068;1,392542965;0,092743736;0,558966746;0,833576219;0,7099;;;;;;;;;;;;;
281;23,7;55,2;1,6;35,7;88,3;6,8;14,7;16,7;0,0;23,24;8,51;94,8;;3,549132267;22,56353851;0,109684444;61,7045053;2,991504714;1,167203408;;;;22,6584;13,89583333;10,49;35,795;4,48644113;1,474370311;1,506035409;0,100517016;0,539085375;0,966950035;0,7198;;;;;;;;;;;;;
282;26,1;56,6;1,7;38,1;91,2;7,0;15,8;15,1;0,0;22,10;8,56;94,7;;4,410041733;23,42521073;0,120708472;70,04125858;3,11151497;1,249642938;;;;24,1056;13,89583333;11,16;38,065;5,047043725;1,56569632;1,740673702;0,115551706;0,662587445;1,078086258;0,7436;;;;;;;;;;;;;
283;22,3;70,4;2,6;31,0;97,7;10,9;16,6;39,0;0,0;14,39;4,91;95,0;;2,979929233;17,98948994;0,103338681;48,21311267;1,694512805;0,419162144;;;;15,5844;13,89583333;7,215;29,375;3,547059555;1,638792343;0,954133606;0,065398853;0,280276747;0,673856859;0,7061;;;;;;;;;;;;;
284;22,6;81,3;1,2;30,0;100,0;5,3;18,2;49,7;4,8;11,54;4,08;95,0;;3,117697767;15,96742419;0,104820903;44,31759292;1,412283461;0,65260446;;;;12,798;13,89583333;5,925;25,165;3,377142371;1,794015979;0,791563196;0,054832888;0,199196878;0,592366318;0,7093;;;;;;;;;;;;;
285;24,4;81,1;1,8;31,6;100,0;17,8;20,1;46,6;5,1;11,63;5,37;94,7;;3,807910833;15,72149301;0,112787847;47,07847566;1,905766227;0,277709915;;;;12,474;13,89583333;5,775;26,705;3,660713372;1,990179804;0,835266784;0,05793174;0,223057995;0,61220879;0,7265;;;;;;;;;;;;;
286;24,2;71,6;2,5;31,0;100,0;7,8;19,5;34,0;0,3;22,51;11,36;95,1;;3,758706267;15,72973103;0,112185694;46,84739977;4,024459938;1,032501136;;;;12,4848;13,89583333;5,78;33,02;3,55610983;1,927749972;0,814179929;0,056466893;0,268842213;0,545337717;0,7252;;;;;;;;;;;;;
287;23,4;65,0;2,8;33,0;89,9;10,4;16,9;33,9;0,0;26,00;11,73;95,6;;3,437173333;19,24407483;0,1083875;53,46449585;4,110651895;1,030734249;;;;17,4204;13,89583333;8,065;27,985;3,931058246;1,669419786;1,13081923;0,076973266;0,316459762;0,814359469;0,717;;;;;;;;;;;;;
288;23,7;66,8;2,4;33,0;91,7;9,2;17,4;35,1;0,0;25,54;11,67;95,6;;3,549132267;18,82218457;0,109684444;53,12260084;4,103138994;1,097426195;;;;16,794;13,89583333;7,775;28,305;3,921182494;1,719660422;1,100761036;0,075104676;0,311570411;0,789190625;0,7198;;;;;;;;;;;;;
289;25,0;61,0;1,4;34,9;94,6;5,6;16,5;27,3;0,0;26,02;11,79;95,2;;4,035913767;20,80635678;0,115659653;60,85118101;4,222319551;1,655376726;;;;19,818;13,89583333;9,175;33,67;4,309869373;1,634195084;1,337837145;0,09024631;0,450449767;0,887387378;0,7327;;;;;;;;;;;;;
290;25,3;65,6;1,8;34,5;98,0;7,2;17,8;35,2;0,0;21,80;9,97;94,9;;4,145782933;19,66001846;0,117095556;58,78922424;3,584705502;1,185942914;;;;18,0468;13,89583333;8,355;31,42;4,224924565;1,751607704;1,23665843;0,083978962;0,388558079;0,848100352;0,7358;;;;;;;;;;;;;
291;26,7;57,1;2,1;34,7;83,6;7,9;19,3;29,9;0,0;24,87;10,93;94,9;;4,610749233;18,726776;0,123626597;59,62428656;4,003988035;1,189011109;;;;16,6536;13,89583333;7,71;26,835;4,277842671;1,907675281;1,185083695;0,080900901;0,31801721;0,867066485;0,7499;;;;;;;;;;;;;
292;24,2;65,2;2,0;33,0;93,1;7,4;17,5;36,3;0,0;20,18;8,51;94,8;;3,762508433;18,79286173;0,112232014;54,28648819;3,014014499;0,954900533;;;;16,7508;13,89583333;7,755;28,405;3,931058246;1,72832224;1,101368003;0,075158356;0,312843581;0,788524422;0,7253;;;;;;;;;;;;;
293;21,2;75,9;2,8;25,2;96,4;9,1;16,9;62,2;0,0;11,35;4,67;94,8;;2,465272433;12,87146177;0,098058264;34,69703299;1,586090038;0,402859244;;;;8,964;13,89583333;4,15;17,085;2,624079491;1,669419786;0,477329853;0,033553369;0,081551805;0,395778047;0,6947;;;;;;;;;;;;;
294;20,4;84,1;2,8;24,9;98,9;6,9;16,7;67,2;0,8;7,00;2,65;94,8;;2,081864433;12,6922908;0,094352708;33,00151602;0,888652199;0,450566487;;;;8,7588;13,89583333;4,055;15,855;2,577187542;1,655436545;0,460875498;0,032422237;0,07307181;0,387803688;0,6867;;;;;;;;;;;;;
295;24,8;68,6;1,4;31,9;87,1;5,3;19,7;46,1;0,0;15,15;7,30;95,1;;3,978129233;16,21090998;0,114918542;49,19798753;2,607323557;0,953840788;;;;13,122;13,89583333;6,075;20,51;3,707430875;1,952298299;0,877566288;0,060715553;0,179988846;0,697577442;0,7311;;;;;;;;;;;;;
296;27,0;67,8;1,4;33,6;91,2;7,3;21,6;43,1;0,0;15,96;7,45;95,1;;4,693283733;16,12191039;0,124877222;53,21885986;2,739631157;0,800453495;;;;13,0032;13,89583333;6,02;24,07;4,053296638;2,163437063;0,944929787;0,065405742;0,2274446;0,717485187;0,7526;;;;;;;;;;;;;
297;23,6;92,3;1,3;31,1;100,0;8,0;20,8;55,9;32,5;8,05;2,74;94,9;;3,509404933;14,63387464;0,10922125;42,96847259;0,962775474;0,347365271;;;;11,0808;13,89583333;5,13;22,05;3,563364526;2,07466014;0,744352193;0,051901236;0,164129659;0,580222535;0,7188;;;;;;;;;;;;;
298;24,9;82,3;2,1;34,2;100,0;9,6;20,1;45,9;10,7;20,79;11,34;94,5;;4,014330567;17,7469382;0,115381736;53,23161828;4,054921448;1,034773053;;;;15,2388;13,89583333;7,055;27,065;4,162174997;1,989088607;1,086543195;0,07457212;0,294072916;0,792470279;0,7321;;;;;;;;;;;;;
299;24,2;85,0;1,7;30,1;100,0;7,1;19,6;58,2;27,2;12,73;6,25;94,6;;3,762508433;14,79732085;0,112232014;44,55987811;2,214690155;0,651396609;;;;11,286;13,89583333;5,225;20,89;3,384077963;1,942660019;0,720708972;0,050213311;0,150556104;0,570152868;0,7253;;;;;;;;;;;;;
300;26,5;71,5;2,1;32,9;100,0;6,2;21,1;41,3;0,0;16,67;8,43;94,8;;4,545110933;15,88572312;0,122653889;51,63799236;3,081410033;0,98503497;;;;12,69;13,89583333;5,875;29,36;3,899531807;2,107713933;0,895908937;0,062086614;0,263038864;0,632870073;0,7478;;;;;;;;;;;;;
301;21,4;78,4;2,3;25,3;88,1;7,7;18,8;62,5;0,0;14,10;6,86;95,3;;2,553635733;11,18355608;0,098938333;31,17070536;2,334901877;0,595568528;;;;7,1064;13,89583333;3,29;12,78;2,643603502;1,851617282;0,39599311;0,02803525;0,050607919;0,345385191;0,6966;;;;;;;;;;;;;
302;22,2;79,1;1,6;28,3;94,1;6,8;17,6;58,0;0,0;14,44;7,68;95,2;;2,909944167;15,01060567;0,102597569;41,21905723;2,643566531;0,76335683;;;;11,556;13,89583333;5,35;18,075;3,088786529;1,737022286;0,675882122;0,047041626;0,122165694;0,553716428;0,7045;;;;;;;;;;;;;
303;23,5;76,2;2,0;31,3;100,0;9,0;17,5;45,0;0,0;25,38;12,81;95,1;;3,457330833;17,52524366;0,108619097;49,59401893;4,490524467;1,106029331;;;;14,9256;13,89583333;6,91;27,495;3,598000658;1,722543456;0,937728601;0,064435059;0,257828479;0,679900122;0,7175;;;;;;;;;;;;;
304;23,8;68,1;2,5;31,4;100,0;10,3;16,6;39,9;0,0;26,74;13,27;95,0;;3,576770833;18,31956017;0,110008681;52,10165671;4,671762472;1,073240827;;;;16,0596;13,89583333;7,435;30,06;3,625551729;1,637871984;0,993839872;0,06799801;0,298748266;0,695091607;0,7205;;;;;;;;;;;;;
305;23,5;64,2;2,5;31,1;89,5;10,9;17,2;35,7;0,0;26,55;13,25;95,0;;3,469390933;17,59424022;0,108758056;49,81889522;4,64667346;0,986806518;;;;15,0228;13,89583333;6,955;26,915;3,563364526;1,695799211;0,933782658;0,064140277;0,251327602;0,682455055;0,7178;;;;;;;;;;;;;
306;23,6;70,3;1,6;32,1;92,9;8,4;17,9;38,4;4,1;18,69;8,05;95,0;;3,521353233;17,87606102;0,109360208;50,75660036;2,826783353;0,790543431;;;;15,4224;13,89583333;7,14;27,265;3,758468023;1,761390862;0,998538581;0,068484494;0,272251544;0,726287037;0,7191;;;;;;;;;;;;;
307;23,0;88,4;1,2;29,2;100,0;8,7;19,9;53,9;2,8;11,83;5,12;95,0;;3,256697067;13,78902842;0,106349444;39,83325467;1,782512763;0,461678261;;;;10,044;13,89583333;4,65;23,06;3,229327043;1,968455189;0,630435927;0,044132818;0,145378525;0,485057402;0,7126;;;;;;;;;;;;;
308;21,6;97,7;2,0;26,4;100,0;7,7;20,0;77,9;47,2;10,60;4,74;94,8;;2,677424433;10,93483101;0,100188958;30,98372171;1,62044187;0,491160654;;;;6,8472;13,89583333;3,17;11,03;2,794122407;1,987997935;0,403062236;0,028564213;0,044457765;0,358604471;0,6993;;;;;;;;;;;;;
309;21,8;96,6;1,2;24,7;100,0;5,6;19,9;83,2;31,2;6,12;2,09;94,9;;2,736281067;9,25139761;0,100791111;27,1496268;0,715894128;0,753834577;;;;5,1948;13,89583333;2,405;8,4;2,551303427;1,967374432;0,291964497;0,020823216;0,024525018;0,26743948;0,7006;;;;;;;;;;;;;
310;23,9;83,8;1,3;30,0;100,0;6,2;19,0;54,6;0,0;18,43;10,87;94,9;;3,616010833;15,2555673;0,110471875;44,9800221;3,830572422;1,108554901;;;;11,8692;13,89583333;5,495;22,7;3,368490303;1,876351178;0,746069563;0,051864691;0,169357791;0,576711772;0,7215;;;;;;;;;;;;;
311;24,5;85,7;1,7;29,9;100,0;5,6;20,8;54,0;24,6;14,79;7,69;94,8;;3,878953733;13,61780853;0,113667917;42,13724931;2,737830456;0,90971331;;;;9,8388;13,89583333;4,555;23,01;3,359857559;2,07466014;0,64259871;0,045019603;0,147861963;0,494736747;0,7284;;;;;;;;;;;;;
312;22,0;97,1;1,7;24,9;100,0;9,7;20,1;84,7;20,3;8,98;2,72;94,6;;2,843666667;9,134489809;0,101902778;27,16223919;0,93382901;0,346484538;;;;5,0868;13,89583333;2,355;7,65;2,577187542;1,998928261;0,28912964;0,020629637;0,022118417;0,267011223;0,703;;;;;;;;;;;;;
313;21,4;100,0;1,6;24,3;100,0;9,0;18,4;98,1;50,1;5,82;0,97;94,4;;2,585929767;10,47969662;0,099262569;29,63796265;0,329399892;0,274147529;;;;6,3828;13,89583333;2,955;0,95;2,498883556;1,812033771;0,343424893;0,024381412;0,003262536;0,340162356;0,6973;;;;;;;;;;;;;
314;21,4;82,9;2,5;27,5;100,0;7,4;17,7;59,7;0,5;17,40;9,27;94,8;;2,581324933;14,22434146;0,09921625;38,12793172;3,156317572;0,79655298;;;;10,5732;13,89583333;4,895;20,15;2,967510782;1,750632014;0,608439384;0,04250685;0,122600536;0,485838848;0,6972;;;;;;;;;;;;;
315;22,0;69,9;1,7;28,7;99,5;7,0;15,3;43,3;0,0;30,68;15,87;94,9;;2,839225233;17,22418558;0,101856458;45,84538989;5,451598372;1,469779208;;;;14,5044;13,89583333;6,715;28,115;3,158375179;1,526336739;0,81601922;0,056161577;0,229423804;0,586595416;0,7029;;;;;;;;;;;;;
316;23,7;65,5;1,4;32,1;100,0;5,8;14,8;30,9;0,0;30,39;16,37;94,7;;3,564942933;20,11243221;0,109869722;56,2078352;5,759242827;2,032437238;;;;18,738;13,89583333;8,675;34,545;3,758468023;1,481938421;1,138264801;0,077096262;0,393213575;0,745051225;0,7202;;;;;;;;;;;;;
317;25,4;64,2;1,9;34,7;100,0;9,2;16,7;24,0;1,3;28,33;14,19;94,4;;4,197956433;20,59978235;0,117790347;61,4635157;5,112410225;1,478061437;;;;19,494;13,89583333;9,025;38;4,275714934;1,647096003;1,314309466;0,088767218;0,499437597;0,814871869;0,7373;;;;;;;;;;;;;
318;20,6;86,8;1,6;26,2;100,0;6,2;17,5;64,5;3,8;11,41;4,93;94,7;;2,189130567;13,2710805;0,095371736;34,60954608;1,658790095;0,628845244;;;;9,4284;13,89583333;4,365;17,775;2,766343976;1,723505409;0,521419284;0,036587398;0,092682278;0,428737006;0,6889;;;;;;;;;;;;;
319;21,4;75,8;2,2;29,9;91,6;9,0;15,4;48,3;0,0;25,90;12,73;94,9;;2,558257767;18,02719605;0,098984653;46,26166272;4,331494934;1,067978333;;;;15,6384;13,89583333;7,24;21,635;3,351244103;1,535007445;0,908118329;0,062232118;0,1964714;0,711646928;0,6967;;;;;;;;;;;;;
320;22,9;80,2;1,4;31,6;100,0;8,0;17,3;46,0;35,1;24,62;12,49;94,9;;3,210710833;17,92905274;0,105839931;49,24300981;4,340963387;1,199843194;;;;15,498;13,89583333;7,175;27,015;3,662572182;1,705308626;0,978631778;0,067099975;0,264377375;0,714254403;0,7115;;;;;;;;;;;;;
321;22,1;94,9;1,0;29,2;100,0;10,2;19,1;63,1;19,1;13,95;5,73;95,0;;2,870255067;14,46053002;0,102180694;39,80493631;1,968610035;0,426263555;;;;10,8648;13,89583333;5,03;18,44;3,229327043;1,887783957;0,670771543;0,046809308;0,123690273;0,547081271;0,7036;;;;;;;;;;;;;
322;23,6;77,7;1,0;30,1;100,0;4,8;18,0;46,9;0,3;24,48;12,76;95,0;;3,525330267;16,17049521;0,109406528;46,74175485;4,483120645;1,569493264;;;;13,068;13,89583333;6,05;26,55;3,385813799;1,774180557;0,805816621;0,055762916;0,213944313;0,591872308;0,7192;;;;;;;;;;;;;
323;25,3;67,3;1,1;33,0;100,0;6,3;18,1;33,3;0,0;30,50;15,82;94,8;;4,156269233;18,31956017;0,117234514;55,5239129;5,687676722;1,816622097;;;;16,0596;13,89583333;7,435;33,33;3,927105351;1,789038989;1,069033181;0,073142698;0,356308759;0,712724422;0,7361;;;;;;;;;;;;;
324;25,7;63,4;1,4;33,8;96,8;8,0;18,7;27,8;0,0;30,73;15,42;94,8;;4,276703067;18,51278999;0,118855694;56,78172093;5,57116793;1,587832794;;;;16,3404;13,89583333;7,565;34,5;4,094088131;1,846500499;1,123793816;0,076807772;0,387708866;0,736084949;0,7396;;;;;;;;;;;;;
325;25,9;68,9;1,2;34,5;89,0;6,6;18,8;44,3;0,0;27,23;14,96;94,8;;4,340610833;18,96835456;0,119735764;58,36241593;5,42001783;1,761947622;;;;17,01;13,89583333;7,875;22,33;4,235462407;1,852642128;1,19141014;0,081223346;0,266041884;0,925368255;0,7415;;;;;;;;;;;;;
326;24,8;72,4;2,4;29,6;90,3;8,8;21,0;53,1;0,0;26,27;14,20;95,0;;3,989019733;13,16960637;0,1150575;41,48944824;5,074215641;0,960389129;;;;9,3096;13,89583333;4,31;18,625;3,310166851;2,097406883;0,606379984;0,042568368;0,112938272;0,493441712;0,7314;;;;;;;;;;;;;
327;21,9;86,5;1,5;24,5;100,0;6,5;19,3;71,0;8,9;8,44;1,28;95,0;;2,812516433;9,675856316;0,101578542;28,39461251;0,439428247;0,583287143;;;;5,5944;13,89583333;2,59;14,485;2,531029336;1,911886246;0,309571545;0,022044929;0,044841438;0,264730107;0,7023;;;;;;;;;;;;;
328;22,7;74,2;1,8;29,4;100,0;10,0;17,3;46,3;0,0;23,27;11,35;95,0;;3,164377733;16,12191039;0,105330417;44,88860806;3,939075952;0,820300626;;;;13,0032;13,89583333;6,02;26,86;3,261117924;1,709125464;0,77599623;0,053712572;0,208432587;0,567563643;0,7104;;;;;;;;;;;;;
329;22,0;63,5;2,1;28,4;86,5;8,5;15,9;41,8;0,0;31,32;15,66;95,2;;2,830333767;16,46802715;0,101763819;44,13627923;5,377191444;1,205724365;;;;13,4676;13,89583333;6,235;22,355;3,104849455;1,581687805;0,761580825;0,052621738;0,170251393;0,591329431;0,7027;;;;;;;;;;;;;
330;23,7;64,1;1,2;32,0;99,6;5,9;14,9;34,0;0,0;27,42;14,11;95,1;;3,545172433;19,98586655;0,109638125;55,79764126;4,961802973;1,734018221;;;;18,5436;13,89583333;8,585;32,79;3,741388101;1,489540615;1,125923743;0,076316222;0,369190395;0,756733348;0,7197;;;;;;;;;;;;;
331;26,6;59,6;1,1;34,0;95,7;5,8;18,9;30,7;0,0;29,93;16,43;94,9;;4,567130833;18,50538242;0,122978125;58,73173842;6,010168838;2,039421894;;;;16,3296;13,89583333;7,56;32,515;4,122854211;1,861888134;1,130483039;0,077268114;0,36757656;0,762906479;0,7485;;;;;;;;;;;;;
332;27,6;58,5;1,4;34,7;95,4;6,0;19,7;32,3;0,0;24,70;13,44;94,7;;4,866364167;18,46831557;0,127610069;60,84300623;4,981477855;1,688858535;;;;16,2756;13,89583333;7,535;31,575;4,284231405;1,948009461;1,168110972;0,079856276;0,368831039;0,799279933;0,7585;;;;;;;;;;;;;
333;26,4;70,1;1,9;34,6;100,0;13,7;20,6;38,9;1,0;22,09;11,67;94,6;;4,519773333;17,70884423;0,122283333;56,31563975;4,258809974;0,841173438;;;;15,1848;13,89583333;7,03;30,575;4,262967829;2,047649329;1,10765925;0,076036925;0,338666816;0,768992434;0,747;;;;;;;;;;;;;
334;24,4;86,6;1,3;29,8;100,0;6,3;20,9;57,5;1,3;14,40;7,19;94,8;;3,834204933;13,39950249;0,113112083;41,37518078;2,556180676;0,774707746;;;;9,5796;13,89583333;4,435;21,23;3,33578837;2,086006372;0,624890999;0,0438225;0,132664359;0,49222664;0,7272;;;;;;;;;;;;;
335;26,4;78,2;1,3;32,5;100,0;6,9;21,7;48,2;0,0;21,19;11,67;94,8;;4,503844167;15,04454788;0,122051736;49,12642885;4,255532644;1,144840602;;;;11,5992;13,89583333;5,37;25,9;3,823606304;2,179930566;0,821837869;0,057190767;0,212856008;0,608981861;0,7465;;;;;;;;;;;;;
336;27,6;66,4;1,3;36,0;93,2;5,4;20,9;35,8;0,0;29,63;16,73;94,6;;4,886236933;18,48314813;0,127934306;61,03806101;6,204276693;2,249325248;;;;16,2972;13,89583333;7,545;28,71;4,562410495;2,086006372;1,238202061;0,084641041;0,355487812;0,882714249;0,7592;;;;;;;;;;;;;
337;25,4;84,4;1,6;30,9;100,0;11,7;21,0;61,4;4,3;15,80;8,30;94,5;;4,180636933;14,29458832;0,11755875;45,36100092;2,987550993;0,523759908;;;;10,6596;13,89583333;4,935;19,295;3,529019174;2,097406883;0,715806146;0,049991203;0,138114796;0,57769135;0,7368;;;;;;;;;;;;;
338;22,5;99,4;1,2;25,4;100,0;6,1;21,0;89,2;26,4;5,64;0,97;94,6;;3,049180433;8,777742152;0,104079792;26,84446803;0,33682993;0,628525008;;;;4,7628;13,89583333;2,205;5,4;2,650607048;2,091699829;0,27945361;0,019964227;0,015090495;0,264363115;0,7077;;;;;;;;;;;;;
339;21,9;84,5;1,7;25,1;100,0;6,8;19,2;70,3;1,0;10,28;4,99;94,8;;2,794653233;10,46895939;0,101393264;30,24852501;1,712762524;0,629966642;;;;6,372;13,89583333;2,95;14,83;2,610210996;1,897183396;0,3565138;0,025311711;0,052870997;0,303642803;0,7019;;;;;;;;;;;;;
340;23,6;85,6;1,2;31,7;100,0;7,3;19,2;57,2;17,3;21,81;12,77;94,8;;3,505416433;16,46003194;0,109174931;47,33158397;4,485464073;1,220445452;;;;13,4568;13,89583333;6,23;21,4;3,677472273;1,902423002;0,887524635;0,061326395;0,189930272;0,697594363;0,7187;;;;;;;;;;;;;
341;26,7;76,8;1,4;34,3;100,0;6,8;20,9;43,9;0,0;24,97;13,95;94,8;;4,607652267;17,16200567;0,123580278;55,45732188;5,110747728;1,525654392;;;;14,418;13,89583333;6,675;28,075;4,183000845;2,08486931;1,049065768;0,072224412;0,294525214;0,754540553;0,7498;;;;;;;;;;;;;
342;28,0;67,1;1,5;34,7;100,0;9,3;22,0;32,9;0,0;27,07;14,46;94,7;;4,994385233;16,70671933;0,129740764;56,94308502;5,392197663;1,299387606;;;;13,7916;13,89583333;6,385;33,535;4,284231405;2,208461212;1,037885097;0,071624835;0,348054767;0,689830329;0,7631;;;;;;;;;;;;;
343;24,0;86,1;1,1;29,1;100,0;7,8;20,4;61,0;0,0;14,53;7,03;94,9;;3,654964167;13,22501883;0,110935069;40,14188988;2,482204824;0,621335734;;;;9,3744;13,89583333;4,34;19,52;3,214362747;2,026484616;0,593939066;0,041684653;0,115936906;0,47800216;0,7225;;;;;;;;;;;;;
344;24,6;85,3;1,1;29,8;100,0;5,7;20,6;58,5;0,0;19,47;11,20;94,8;;3,882664167;13,74410549;0,113714236;42,47709401;3,984842881;1,155273496;;;;9,99;13,89583333;4,625;20,77;3,342649898;2,047649329;0,647500284;0,045336754;0,134485809;0,513014475;0,7285;;;;;;;;;;;;;
345;23,6;90,0;1,5;30,6;100,0;9,0;18,5;57,8;9,4;15,22;7,57;94,7;;3,497430833;16,15431086;0,109082292;46,56470045;2,657659315;0,643902479;;;;13,0464;13,89583333;6,04;21,095;3,477153283;1,828182524;0,82448538;0,057059493;0,173925191;0,650560189;0,7185;;;;;;;;;;;;;
346;22,5;74,2;1,8;29,6;100,0;10,2;16,8;42,4;0,0;25,47;12,94;94,8;;3,053484267;16,69087586;0,104126111;45,66503913;4,474723329;0,93858695;;;;13,77;13,89583333;6,375;28,795;3,301664548;1,664747239;0,818458655;0,056486771;0,23567517;0,582783485;0,7078;;;;;;;;;;;;;
347;23,6;65,7;1,5;31,3;93,1;7,9;17,1;28,4;0,0;29,29;15,44;94,8;;3,525330267;17,77737503;0,109406528;50,54643704;5,425642807;1,453925991;;;;15,282;13,89583333;7,075;32,345;3,598000658;1,691061965;0,953469347;0,065428225;0,30839966;0,645069686;0,7192;;;;;;;;;;;;;
348;23,7;74,9;1,0;30,7;100,0;5,1;17,1;44,2;0,0;18,29;8,83;94,7;;3,560994567;17,36355832;0,109823403;49,76145283;3,106104146;1,174338372;;;;14,6988;13,89583333;6,805;27,89;3,502108471;1,692008485;0,905049993;0,062243094;0,252418443;0,65263155;0,7201;;;;;;;;;;;;;
349;22,4;92,0;1,1;25,6;100,0;6,0;20,1;72,4;3,8;9,26;2,00;94,5;;3,031936433;10,05545924;0,103894514;29,97997369;0,692506079;0,61716719;;;;5,9616;13,89583333;2,76;13,805;2,684450135;1,994549832;0,344950151;0,0245295;0,047620368;0,297329783;0,7073;;;;;;;;;;;;;
350;25,0;76,4;1,6;31,4;100,0;9,2;20,3;43,4;1,3;22,08;12,05;94,4;;4,032323733;15,33106942;0,115613333;47,26578728;4,313039831;0,946642645;;;;11,9664;13,89583333;5,54;28,3;3,616347696;2,015422418;0,800462639;0,055625326;0,226530927;0,573931712;0,7326;;;;;;;;;;;;;
351;25,3;63,8;1,9;31,3;100,0;12,9;20,6;36,1;0,0;29,65;16,09;94,7;;4,156269233;15,00211229;0,117234514;47,0775044;5,787450934;0,931302961;;;;11,5452;13,89583333;5,345;31,96;3,598000658;2,047649329;0,775175665;0,053954714;0,247746142;0,527429522;0,7361;;;;;;;;;;;;;
352;24,2;59,6;2,1;32,3;92,5;10,0;16,1;26,9;0,0;30,84;15,28;95,0;;3,739652433;19,3017932;0,111954097;55,36057506;5,411146064;1,334223438;;;;17,5068;13,89583333;8,105;32,815;3,79666662;1,598723011;1,098971805;0,074781073;0,360627598;0,738344207;0,7247;;;;;;;;;;;;;
353;24,7;63,8;1,5;32,4;95,2;11,4;17,2;32,3;0,0;29,22;15,21;95,0;;3,926965767;18,60891313;0,114270069;54,82502661;5,424001745;1,189569103;;;;16,4808;13,89583333;7,63;31,475;3,817819549;1,696748055;1,060535747;0,072445815;0,333803626;0,726732121;0,7297;;;;;;;;;;;;;
354;25,8;66,7;1,2;33,4;90,9;5,7;18,7;40,5;0,0;24,00;12,26;94,9;;4,323893333;18,1475117;0,119504167;56,15942845;4,438353261;1,527201163;;;;15,8112;13,89583333;7,32;25,2;3,99678273;1,847522864;1,074629933;0,073594772;0,270806743;0,80382319;0,741;;;;;;;;;;;;;
355;25,2;78,4;1,6;33,3;100,0;11,1;20,8;43,0;14,7;18,69;9,67;94,6;;4,121214567;16,47601982;0,116771319;50,66552803;3,471911755;0,750239707;;;;13,4784;13,89583333;6,24;28,52;3,986763437;2,07466014;0,956051648;0,066056066;0,27266593;0,683385718;0,7351;;;;;;;;;;;;;
356;23,0;92,7;1,4;30,0;100,0;7,5;20,4;59,2;9,7;14,06;7,09;94,8;;3,289923733;14,0920149;0,10672;40,69615948;2,47041229;0,66732666;;;;10,4112;13,89583333;4,82;20,425;3,377142371;2,026484616;0,675328878;0,047209124;0,137935923;0,537392954;0,7134;;;;;;;;;;;;;
357;24,3;86,9;1,2;29,1;100,0;6,2;20,3;64,7;2,8;19,21;10,45;94,9;;3,773897733;13,36289265;0,112370972;41,01130445;3,70301089;0,996879124;;;;9,5364;13,89583333;4,415;17,635;3,222668764;2,015422418;0,603623173;0,042338031;0,106448946;0,497174226;0,7256;;;;;;;;;;;;;
358;24,3;80,6;2,1;29,8;99,3;10,3;20,2;57,9;0,0;21,08;11,65;94,9;;3,792822567;14,08316434;0,112602569;42,91711672;4,134301311;0,753403048;;;;10,4004;13,89583333;4,815;20,71;3,342649898;2,005511685;0,668569107;0,04673851;0,138460662;0,530108445;0,7261;;;;;;;;;;;;;
359;25,2;70,8;1,6;32,0;95,7;8,4;19,4;43,8;0,0;25,85;14,33;94,8;;4,114169233;16,55580803;0,116678681;50,82775442;5,14585635;1,261387575;;;;13,5864;13,89583333;6,29;25,975;3,73570983;1,9224493;0,906630265;0,062615702;0,235497211;0,671133054;0,7349;;;;;;;;;;;;;
360;25,1;80,7;1,4;32,1;100,0;8,5;19,2;49,3;1,3;21,75;11,33;94,6;;4,075214933;16,83311642;0,116169167;51,30494537;4,060920693;1,021952218;;;;13,9644;13,89583333;6,465;25,355;3,758468023;1,898230305;0,930118859;0,064145723;0,235831637;0,694287222;0,7338;;;;;;;;;;;;;
361;22,7;98,6;1,2;28,3;100,0;8,0;20,5;72,2;45,0;11,20;4,29;94,5;;3,143202567;12,35784059;0,105098819;35,95818739;1,487662012;0,438655371;;;;8,3808;13,89583333;3,88;13,905;3,080782282;2,037599938;0,521591172;0,036746807;0,072527252;0,449063919;0,7099;;;;;;;;;;;;;
362;22,9;97,7;1,0;28,9;100,0;7,0;20,8;71,9;36,1;12,34;5,24;94,7;;3,210710833;12,73014751;0,105839931;37,11055451;1,822747017;0,555588994;;;;8,802;13,89583333;4,075;14,075;3,189556582;2,06900731;0,560274636;0,039408358;0,078858655;0,481415981;0,7115;;;;;;;;;;;;;
363;25,3;84,2;1,1;32,3;100,0;12,3;19,5;53,7;32,8;19,99;11,97;94,8;;4,149281233;16,69879882;0,117141875;51,39331142;4,305329881;0,822395189;;;;13,7808;13,89583333;6,38;23,13;3,78899998;1,933063441;0,92796827;0,064042062;0,214639061;0,713329209;0,7359;;;;;;;;;;;;;
364;23,2;87,8;1,1;31,5;100,0;8,3;18,7;51,2;19,3;21,14;11,34;94,7;;3,343525767;16,7778941;0,107322153;47,26927627;3,960558425;1,019770142;;;;13,8888;13,89583333;6,43;24,41;3,645872443;1,84343638;0,901218031;0,062170427;0,219987321;0,68123071;0,7147;;;;;;;;;;;;;
365;23,8;77,8;1,3;30,9;100,0;8,0;17,9;44,5;0,3;28,81;15,47;94,7;;3,608185767;16,95889768;0,110379236;49,04856439;5,453477597;1,378338331;;;;14,1372;13,89583333;6,545;27,75;3,538029348;1,761390862;0,888319243;0,061222818;0,24650859;0,641810653;0,7213;;;;;;;;;;;;;
366;25,1;75,0;1,4;32,5;100,0;7,6;18,9;39,1;0,0;28,13;15,19;94,8;;4,064530833;17,37899914;0,116030208;52,61239754;5,442916002;1,491172121;;;;14,7204;13,89583333;6,815;30,45;3,82746838;1,862917959;0,98227521;0,067548577;0,299102802;0,683172409;0,7335;;;;;;;;;;;;;
